rainfall_mm,slope_degree,soil_moisture,ground_movement,temperature,risk_label
181.88,33.87,42.8,7.24,17.31,MODERATE
180.27,47.11,51.54,9.99,23.81,MODERATE
71.63,30.26,21.59,6.06,21.41,LOW
86.64,30.01,37.52,9.6,30.95,LOW
158.14,43.12,56.78,9.59,21.1,MODERATE
194.08,30.2,59.08,11.66,24.17,MODERATE
120.68,7.1,41.54,5.62,25.0,LOW
37.97,20.62,20.87,7.39,21.48,LOW
199.8,38.04,66.8,11.84,28.62,MODERATE
150.43,36.27,33.45,8.05,29.87,MODERATE
95.8,33.66,26.43,6.14,21.07,LOW
69.78,32.41,44.97,7.25,25.76,LOW
160.8,23.83,40.34,5.99,18.43,MODERATE
113.86,12.81,44.3,9.38,27.38,LOW
202.72,31.96,65.49,13.21,25.4,MODERATE
202.91,46.33,44.23,10.11,21.82,MODERATE
149.77,29.78,34.07,8.93,25.98,LOW
79.1,35.26,42.52,10.7,27.56,MODERATE
175.32,35.67,45.79,8.3,31.38,MODERATE
50.34,38.32,18.51,6.8,26.38,LOW
127.78,26.5,38.95,6.58,29.33,MODERATE
50.73,35.84,18.4,5.87,35.43,LOW
134.96,34.32,48.9,7.4,17.8,MODERATE
135.66,14.12,35.39,5.1,31.03,LOW
187.7,43.61,40.57,9.29,18.73,MODERATE
189.54,33.04,65.95,9.4,19.72,MODERATE
258.73,49.4,62.86,13.06,23.93,HIGH
166.43,21.88,45.6,6.44,20.12,MODERATE
26.36,21.3,27.44,4.54,19.12,LOW
117.4,20.71,41.39,7.89,23.64,LOW
155.49,41.78,58.11,10.51,22.0,MODERATE
263.78,36.56,79.79,10.45,20.01,HIGH
32.15,23.24,18.45,4.95,18.28,LOW
205.66,41.44,68.42,10.39,32.55,MODERATE
118.6,19.07,42.43,9.49,16.8,MODERATE
135.47,42.65,40.02,8.87,22.99,MODERATE
158.13,46.78,52.11,9.11,30.71,MODERATE
99.48,49.86,26.41,8.14,28.86,MODERATE
226.49,41.85,71.5,12.88,25.4,HIGH
106.52,44.13,44.07,9.61,20.26,MODERATE
40.36,15.96,24.84,6.36,23.89,LOW
217.72,41.72,47.55,8.41,17.26,MODERATE
222.25,34.46,73.13,12.59,22.29,MODERATE
69.68,10.78,33.83,5.9,22.2,LOW
17.08,34.27,18.57,6.87,22.78,LOW
152.76,27.23,47.16,7.13,19.27,MODERATE
191.4,41.91,52.81,11.7,13.82,MODERATE
102.69,26.53,34.84,6.96,31.51,MODERATE
129.45,23.57,49.63,9.19,30.18,MODERATE
38.93,30.95,19.43,5.32,29.25,LOW
64.6,33.92,27.02,5.79,26.27,LOW
221.67,52.24,62.75,10.85,25.02,HIGH
149.31,17.88,47.05,6.46,19.84,MODERATE
157.2,26.31,44.64,7.35,20.48,MODERATE
135.61,49.85,43.47,9.54,32.73,MODERATE
87.09,18.65,36.91,6.0,34.1,LOW
120.02,40.45,34.17,9.54,22.89,MODERATE
151.7,42.61,47.05,8.3,24.02,MODERATE
163.08,41.27,66.33,10.0,28.39,MODERATE
140.1,42.27,45.32,11.14,24.56,MODERATE
103.32,42.41,30.29,7.9,25.01,MODERATE
109.86,33.56,30.79,7.13,23.64,LOW
185.08,35.55,45.6,8.18,18.37,MODERATE
194.65,32.15,70.84,10.08,21.76,MODERATE
203.37,32.55,67.8,9.01,23.2,MODERATE
197.74,26.37,48.19,7.68,8.88,MODERATE
20.77,30.37,21.28,13.54,24.53,LOW
233.56,37.04,76.18,11.05,37.94,HIGH
123.05,24.87,41.75,5.89,21.42,LOW
211.08,48.15,57.51,11.8,24.2,MODERATE
164.46,44.91,69.11,10.78,18.96,HIGH
208.87,36.65,45.71,7.57,17.44,MODERATE
242.34,55.02,89.38,15.63,22.14,HIGH
25.43,22.45,21.07,4.26,27.78,LOW
136.37,45.98,55.32,12.83,22.6,MODERATE
105.3,19.37,28.56,5.1,21.76,LOW
108.14,29.29,32.99,7.61,26.97,MODERATE
154.47,51.78,40.34,9.59,25.2,MODERATE
77.89,6.05,31.33,3.56,25.68,LOW
196.17,28.26,60.62,9.34,31.14,MODERATE
93.6,42.78,44.13,12.56,30.39,MODERATE
112.9,31.39,26.15,7.43,32.97,LOW
277.27,36.3,77.25,11.2,16.72,HIGH
125.51,50.19,49.77,16.01,29.14,MODERATE
32.84,19.66,30.88,4.9,33.87,LOW
174.72,18.83,49.91,5.97,14.2,MODERATE
49.49,22.9,22.46,4.14,23.88,LOW
162.99,49.04,50.12,10.77,20.74,MODERATE
37.49,40.45,24.74,8.68,23.85,LOW
49.11,33.38,36.22,7.75,30.88,LOW
150.72,56.15,38.48,12.22,15.63,MODERATE
13.32,18.44,11.64,4.57,25.47,LOW
122.83,43.29,31.37,7.53,20.61,MODERATE
91.09,22.44,38.46,5.62,31.07,LOW
15.7,22.99,27.27,8.36,26.53,LOW
117.89,36.82,29.57,6.21,23.05,MODERATE
203.7,8.24,60.52,6.84,19.69,MODERATE
284.75,41.8,85.88,11.62,38.0,HIGH
14.5,16.58,24.47,4.09,25.68,LOW
75.54,45.63,37.8,9.14,15.48,MODERATE
118.46,50.97,31.54,8.02,19.14,LOW
81.15,39.25,39.01,10.77,26.48,LOW
70.84,33.74,29.1,6.48,19.62,LOW
186.82,28.67,64.66,9.74,20.36,MODERATE
174.95,26.42,57.08,9.16,29.92,MODERATE
108.37,34.22,32.32,7.73,29.38,MODERATE
81.17,35.92,35.09,9.91,20.57,LOW
131.01,28.03,50.37,7.23,31.03,MODERATE
105.21,19.08,34.1,4.77,19.74,LOW
191.46,10.84,58.15,5.82,34.16,MODERATE
66.1,31.99,18.85,7.86,27.23,LOW
47.39,32.94,29.82,11.11,25.74,LOW
262.7,48.32,72.34,11.16,21.69,HIGH
208.22,29.29,68.12,10.15,20.35,MODERATE
107.88,17.99,42.9,5.24,10.04,LOW
138.57,46.69,42.23,8.36,22.24,MODERATE
152.39,38.65,41.75,8.96,23.94,MODERATE
31.5,48.91,13.32,6.06,13.04,LOW
173.37,39.67,49.08,8.84,28.94,MODERATE
60.91,27.0,35.5,7.17,23.04,LOW
52.02,28.38,12.39,6.01,31.29,LOW
208.99,35.74,52.69,8.7,19.9,MODERATE
114.6,32.25,47.08,8.48,31.42,LOW
135.89,6.85,55.53,6.29,21.31,MODERATE
78.79,41.02,24.47,6.14,23.7,LOW
235.38,44.9,58.41,11.2,25.29,HIGH
138.44,40.26,56.71,8.85,23.75,LOW
287.53,63.29,77.27,12.56,25.83,HIGH
289.35,41.22,71.5,10.74,12.45,HIGH
145.39,7.06,55.34,8.14,23.16,LOW
153.36,13.36,52.77,5.8,23.52,LOW
139.54,37.72,51.59,7.92,12.08,MODERATE
175.6,32.83,46.89,7.21,27.85,MODERATE
107.57,24.52,41.66,6.46,18.53,LOW
15.34,38.74,28.35,7.44,29.65,LOW
38.93,38.06,28.69,6.42,24.52,LOW
197.43,30.16,65.79,10.71,20.55,MODERATE
71.38,34.62,41.93,8.92,30.03,LOW
111.06,44.55,42.85,9.67,33.97,MODERATE
158.21,52.77,45.29,9.9,24.23,MODERATE
121.28,38.05,48.7,8.38,32.25,MODERATE
202.01,48.22,50.6,9.58,22.94,MODERATE
116.16,28.55,38.78,7.01,29.77,MODERATE
205.21,42.99,64.85,9.61,21.8,MODERATE
10.6,27.4,10.0,5.26,34.96,LOW
157.83,28.99,51.74,7.69,30.46,MODERATE
57.03,25.91,29.94,5.37,26.82,LOW
219.06,42.29,54.11,9.05,8.8,MODERATE
146.13,35.71,49.76,7.85,26.69,MODERATE
47.03,33.2,26.87,8.95,16.59,LOW
113.56,36.75,40.25,7.17,26.12,MODERATE
137.66,34.99,54.8,11.1,31.66,MODERATE
13.88,24.78,25.08,5.76,28.13,LOW
164.44,35.88,56.3,11.12,29.15,MODERATE
115.75,44.62,32.27,8.01,21.76,MODERATE
115.91,35.28,40.36,10.7,14.85,MODERATE
4.3,29.43,25.42,5.33,19.37,LOW
189.65,41.93,55.01,9.81,22.02,MODERATE
139.09,13.03,58.03,6.15,23.92,LOW
75.68,38.9,37.0,7.74,31.61,LOW
111.21,18.19,53.14,7.34,28.38,LOW
116.37,35.37,32.06,7.5,37.32,LOW
169.54,40.71,51.06,8.84,17.99,MODERATE
185.33,46.75,55.29,9.22,30.98,MODERATE
165.82,35.57,56.33,9.66,29.25,MODERATE
234.06,42.29,60.59,10.08,23.3,MODERATE
178.89,45.43,41.49,8.08,18.23,MODERATE
188.2,26.66,59.43,11.54,20.31,MODERATE
121.0,35.55,38.69,11.32,20.02,MODERATE
154.23,28.26,45.17,9.35,34.26,MODERATE
261.57,40.24,67.0,12.17,28.97,MODERATE
54.9,16.11,28.07,4.01,29.19,LOW
213.36,31.87,53.32,14.99,24.53,MODERATE
26.12,50.41,19.19,7.34,22.63,LOW
158.22,34.16,43.18,7.14,26.02,MODERATE
113.51,26.51,35.1,7.97,24.61,LOW
186.24,35.76,58.8,8.66,23.42,MODERATE
128.36,27.61,48.45,7.76,26.2,MODERATE
127.56,57.93,40.61,9.25,17.6,MODERATE
291.7,46.14,86.92,12.53,25.6,HIGH
156.67,43.26,41.68,8.89,23.34,MODERATE
18.1,32.67,10.0,4.95,19.71,LOW
97.69,31.93,25.8,5.36,27.84,LOW
63.82,24.18,20.44,5.05,34.77,LOW
92.04,38.02,24.75,6.73,31.67,LOW
14.74,43.57,34.41,7.57,22.3,LOW
62.92,29.34,16.44,8.07,27.99,LOW
92.46,20.91,42.84,6.33,29.06,LOW
117.58,42.57,40.67,10.5,24.72,MODERATE
271.16,30.16,76.45,9.31,23.86,MODERATE
280.3,49.94,69.42,11.12,26.06,HIGH
116.07,12.1,43.14,4.95,38.0,LOW
184.44,47.57,48.27,9.41,25.54,MODERATE
180.86,53.41,62.17,10.49,16.4,MODERATE
94.98,46.88,43.94,9.08,17.72,MODERATE
117.8,42.74,39.84,8.12,22.97,MODERATE
133.88,26.23,43.9,6.51,16.52,LOW
192.83,37.36,60.88,10.15,23.2,MODERATE
82.18,25.63,36.13,9.97,37.35,LOW
77.13,29.76,40.16,6.54,20.93,LOW
130.39,37.65,51.65,9.76,17.48,MODERATE
73.89,27.14,31.02,7.23,22.75,LOW
185.07,48.74,51.9,10.06,23.38,MODERATE
211.07,41.08,67.93,12.96,18.07,MODERATE
133.99,37.09,43.23,12.26,16.57,MODERATE
168.13,30.8,52.9,7.99,32.14,MODERATE
254.76,33.61,75.29,10.96,27.0,MODERATE
126.23,44.64,50.57,10.14,21.1,MODERATE
195.23,61.77,60.04,11.76,17.07,MODERATE
103.91,54.05,33.16,8.63,20.9,LOW
200.61,22.68,73.51,12.22,16.64,MODERATE
88.31,17.03,46.67,7.78,20.52,LOW
110.2,58.17,31.1,8.49,36.4,MODERATE
73.14,39.48,23.8,6.04,25.43,LOW
72.14,42.97,24.58,10.1,20.29,MODERATE
103.96,23.6,44.66,6.06,28.08,LOW
85.64,56.35,48.52,11.27,18.42,MODERATE
12.34,25.09,13.67,3.99,21.57,LOW
192.03,24.69,58.6,7.21,12.87,MODERATE
119.37,33.58,35.24,6.27,31.64,MODERATE
153.05,28.24,62.27,8.51,22.79,MODERATE
146.89,43.14,53.91,8.75,19.09,MODERATE
107.56,43.81,32.07,8.31,27.9,MODERATE
117.06,36.6,23.93,7.14,17.71,MODERATE
77.01,28.38,40.24,6.76,18.08,LOW
187.72,38.17,51.72,9.99,21.73,MODERATE
76.38,60.31,38.55,10.12,16.81,MODERATE
135.61,14.89,47.18,6.11,20.08,LOW
147.88,18.41,32.86,5.25,22.81,MODERATE
106.46,41.03,31.97,7.51,23.35,MODERATE
14.14,19.78,15.28,8.36,16.05,LOW
51.54,19.05,20.93,5.3,22.53,LOW
102.79,26.3,38.54,6.28,27.48,LOW
63.1,34.51,32.09,8.0,28.48,LOW
293.25,40.07,93.83,12.11,21.01,HIGH
97.61,31.64,40.25,6.59,22.87,LOW
17.97,62.29,30.88,9.67,22.51,MODERATE
46.63,28.35,21.44,6.64,15.65,LOW
219.68,39.99,72.65,10.52,20.76,HIGH
259.23,35.88,68.98,12.16,28.78,MODERATE
41.77,21.3,16.85,4.21,28.87,LOW
55.56,23.61,19.55,4.57,26.47,LOW
114.9,11.49,19.14,12.2,8.03,LOW
101.17,30.57,44.09,7.57,19.31,LOW
213.7,34.75,51.69,10.06,26.81,MODERATE
134.43,23.04,55.84,9.22,34.27,MODERATE
123.55,10.52,40.79,8.23,23.91,LOW
75.49,28.73,19.17,4.54,24.58,LOW
112.26,23.44,30.75,5.28,23.32,MODERATE
124.03,40.7,43.81,9.77,16.16,MODERATE
228.84,36.33,50.31,8.9,26.11,MODERATE
223.81,43.42,68.96,11.09,14.87,MODERATE
93.37,6.84,23.41,2.83,23.49,LOW
122.8,12.06,36.1,4.59,24.53,LOW
71.96,49.23,32.42,8.62,24.3,LOW
56.22,12.75,31.11,4.25,16.21,LOW
68.63,43.14,36.48,7.59,19.75,LOW
153.98,19.29,38.42,5.14,28.13,MODERATE
171.61,9.8,50.29,5.26,24.44,MODERATE
81.04,15.24,41.57,7.05,19.79,LOW
127.09,20.34,40.49,7.18,17.57,LOW
104.91,33.57,40.44,6.66,28.82,LOW
158.22,16.99,51.11,6.13,24.21,MODERATE
107.47,30.99,49.05,8.26,17.22,MODERATE
36.12,14.65,19.22,3.59,22.87,LOW
155.64,18.65,38.12,7.51,19.16,MODERATE
5.79,36.03,10.0,6.71,25.81,LOW
255.79,37.38,72.78,12.89,31.52,HIGH
36.24,27.57,10.42,4.83,17.51,LOW
164.51,34.6,46.84,7.86,24.94,MODERATE
63.94,28.22,29.67,6.59,24.83,LOW
277.93,44.31,70.01,10.17,11.13,MODERATE
17.71,45.96,21.51,6.33,29.0,LOW
88.85,40.46,40.34,7.3,36.59,MODERATE
57.77,19.67,31.35,5.26,24.83,LOW
145.16,24.94,34.56,5.65,32.16,LOW
152.57,26.01,49.2,6.79,16.47,MODERATE
172.34,17.09,54.17,7.48,19.69,MODERATE
208.03,23.45,57.72,14.94,24.43,MODERATE
203.75,24.22,62.33,7.7,18.88,MODERATE
167.65,60.82,54.1,11.6,24.23,MODERATE
217.56,55.86,62.14,10.75,30.02,MODERATE
88.02,20.54,26.33,8.24,18.7,LOW
135.44,51.59,44.58,9.24,30.29,MODERATE
60.87,50.03,43.33,11.63,12.46,MODERATE
70.01,47.47,27.26,7.43,20.59,MODERATE
17.7,15.06,27.27,6.15,22.82,LOW
103.37,31.26,38.05,6.52,18.44,LOW
127.48,44.69,36.64,7.92,20.67,MODERATE
127.13,14.55,40.6,5.02,32.38,LOW
178.9,13.82,54.22,6.18,31.44,MODERATE
61.83,50.79,33.84,10.49,28.32,MODERATE
210.92,38.21,80.44,11.78,30.25,HIGH
222.24,41.4,64.33,10.07,20.28,MODERATE
234.93,12.22,56.84,11.11,16.66,MODERATE
130.67,32.16,30.51,6.59,19.15,MODERATE
158.77,44.2,46.55,13.39,20.05,MODERATE
130.36,54.18,34.65,8.52,20.34,MODERATE
158.75,23.24,54.39,10.2,27.17,MODERATE
189.21,30.44,61.15,7.96,25.94,MODERATE
15.32,35.5,17.2,6.11,22.95,LOW
46.98,34.41,30.6,6.71,23.32,LOW
61.06,20.85,28.95,5.52,30.57,LOW
119.1,23.43,56.14,8.04,16.25,MODERATE
74.37,27.93,36.37,6.44,28.74,MODERATE
145.2,44.54,54.11,18.26,11.33,MODERATE
258.46,33.96,60.28,13.84,20.6,HIGH
38.49,20.63,14.1,8.09,33.06,LOW
287.5,45.97,82.08,16.96,25.81,HIGH
76.35,29.9,19.4,6.9,21.2,LOW
172.76,37.95,48.01,14.35,29.49,MODERATE
165.1,43.8,60.76,12.58,27.57,MODERATE
141.85,30.5,41.04,7.14,27.33,MODERATE
78.73,48.36,22.64,8.95,22.79,MODERATE
47.9,24.85,30.88,8.6,29.76,LOW
183.45,45.36,71.95,12.16,20.14,HIGH
204.41,29.13,53.5,8.02,19.85,MODERATE
130.9,43.07,53.59,8.7,35.25,MODERATE
215.79,39.32,55.01,10.82,21.0,MODERATE
45.09,34.57,24.02,9.96,11.81,LOW
262.49,41.71,72.2,10.62,30.37,MODERATE
154.01,30.57,42.63,6.71,32.17,MODERATE
104.23,24.89,44.93,6.68,22.59,LOW
126.29,21.29,30.47,5.88,11.43,LOW
108.78,31.41,40.49,6.95,23.67,MODERATE
207.87,48.99,69.32,11.86,36.43,MODERATE
215.08,30.17,68.66,13.62,25.22,MODERATE
218.59,50.63,67.02,12.09,28.62,HIGH
161.6,47.53,63.23,10.49,28.96,MODERATE
10.63,33.3,15.58,8.69,29.83,LOW
233.8,49.79,54.24,10.57,35.18,MODERATE
131.05,40.69,44.91,7.87,30.48,MODERATE
292.38,40.8,78.32,11.38,23.52,HIGH
144.67,20.18,29.9,6.0,17.3,MODERATE
71.52,32.45,21.73,7.72,26.58,LOW
47.13,25.89,15.35,7.95,22.84,LOW
80.8,58.81,26.26,8.55,28.3,MODERATE
123.85,37.32,39.44,7.14,18.82,LOW
224.79,62.63,61.95,11.33,22.2,HIGH
135.89,36.81,38.66,8.79,24.07,MODERATE
44.58,50.42,14.78,8.6,18.36,MODERATE
14.97,37.31,21.31,6.23,24.24,LOW
126.86,39.22,43.84,8.19,28.72,MODERATE
113.68,28.64,41.18,10.79,35.46,LOW
73.74,20.82,45.45,9.45,19.59,LOW
89.56,37.18,36.01,7.0,29.43,MODERATE
116.54,26.64,37.71,7.96,12.13,LOW
59.63,30.45,27.27,6.69,23.95,LOW
116.74,35.23,41.47,7.09,24.42,LOW
122.74,25.92,46.93,7.01,28.89,LOW
125.33,45.98,42.21,8.27,20.88,MODERATE
130.27,41.68,28.12,6.94,25.47,MODERATE
144.85,58.19,43.37,10.72,30.65,MODERATE
280.36,48.92,76.69,11.73,17.24,HIGH
117.95,24.06,51.38,7.27,12.25,MODERATE
149.21,25.57,41.54,7.04,30.48,LOW
211.26,32.6,48.39,7.27,18.01,MODERATE
99.17,37.39,37.33,8.74,26.74,MODERATE
40.03,44.17,30.74,7.65,35.7,MODERATE
132.37,5.6,40.97,4.82,29.02,LOW
110.65,13.03,58.41,11.47,18.17,LOW
80.27,34.07,49.84,8.03,15.23,MODERATE
114.91,26.56,39.7,7.4,19.33,MODERATE
42.98,27.14,25.95,5.54,25.04,LOW
194.75,41.48,68.79,13.02,22.5,MODERATE
145.12,35.52,46.21,10.06,32.17,MODERATE
172.23,52.46,46.46,9.38,28.0,MODERATE
93.14,37.36,42.6,8.91,19.62,MODERATE
262.42,34.73,76.45,9.69,29.08,MODERATE
99.67,9.21,30.47,8.31,33.04,LOW
45.24,26.93,27.19,5.51,22.11,LOW
271.25,49.38,73.39,13.48,26.88,HIGH
241.65,42.98,65.08,10.08,18.75,MODERATE
19.04,35.56,12.9,6.09,23.15,LOW
106.73,31.64,39.45,12.49,18.65,MODERATE
130.54,24.34,41.59,8.9,31.44,MODERATE
30.35,29.37,23.96,5.12,20.99,LOW
183.1,48.52,61.84,10.99,26.64,MODERATE
15.01,39.44,20.16,6.2,27.81,LOW
116.27,38.62,42.57,8.12,38.0,MODERATE
234.38,33.81,62.23,8.97,22.41,MODERATE
59.83,16.85,37.56,5.3,19.34,LOW
159.78,5.0,43.36,5.14,23.57,LOW
138.05,23.63,32.47,5.28,18.9,LOW
101.19,48.32,28.69,8.28,21.08,MODERATE
94.33,52.46,44.03,9.26,28.36,MODERATE
115.81,27.53,44.15,6.8,19.97,MODERATE
194.38,42.11,68.26,11.69,27.37,MODERATE
114.57,42.93,29.62,6.71,27.58,MODERATE
110.22,17.82,57.81,7.13,25.5,LOW
121.3,33.04,39.42,7.24,28.02,MODERATE
117.89,46.45,26.85,7.79,22.23,MODERATE
209.54,56.86,78.66,13.64,11.98,HIGH
90.6,28.88,24.45,5.54,24.36,MODERATE
195.44,5.0,54.81,5.24,24.47,LOW
139.28,26.69,44.0,9.43,21.78,MODERATE
105.33,22.78,41.72,11.56,27.89,LOW
52.0,22.14,20.11,3.85,28.59,LOW
164.76,29.09,59.56,8.86,25.31,MODERATE
122.08,22.81,47.89,6.74,24.59,MODERATE
94.97,23.97,36.05,5.77,31.31,LOW
213.33,38.01,72.53,10.22,17.56,MODERATE
284.73,46.69,77.1,12.36,22.01,HIGH
73.99,5.0,29.07,3.14,29.99,LOW
33.37,33.44,38.33,10.07,27.21,LOW
162.83,33.6,53.19,8.56,22.59,MODERATE
40.14,20.45,15.95,3.91,26.34,LOW
85.41,58.09,26.99,10.14,20.71,MODERATE
74.64,44.86,31.57,7.04,24.97,MODERATE
84.67,36.36,14.44,5.64,28.13,LOW
206.27,21.48,55.32,7.23,31.75,MODERATE
272.79,34.31,74.21,9.99,27.97,MODERATE
277.17,34.05,74.64,9.99,32.18,HIGH
175.86,33.4,43.63,6.88,15.34,MODERATE
118.37,29.64,37.45,6.21,10.72,LOW
221.19,39.84,73.1,10.06,10.91,HIGH
98.71,40.31,44.5,14.3,30.7,MODERATE
167.37,13.78,52.59,5.62,27.62,MODERATE
198.77,39.54,58.18,8.88,19.69,HIGH
204.7,55.39,58.74,15.72,21.69,HIGH
172.87,52.48,54.92,11.13,26.02,MODERATE
66.06,24.71,30.35,5.8,19.66,LOW
78.17,43.43,34.79,7.25,19.1,LOW
297.52,57.06,84.47,14.12,20.07,HIGH
211.41,9.76,51.82,5.34,19.56,MODERATE
86.8,35.36,31.61,7.73,24.27,LOW
212.91,16.16,63.42,12.5,33.98,MODERATE
44.83,31.55,17.14,5.66,17.96,LOW
159.95,34.19,44.8,7.36,23.56,MODERATE
85.47,20.89,32.06,6.13,26.76,LOW
94.27,28.13,34.39,6.64,27.21,LOW
19.91,31.94,21.11,6.03,20.96,LOW
90.62,29.92,28.15,6.22,27.71,LOW
248.17,38.71,77.34,11.74,26.52,HIGH
149.53,36.45,46.48,8.64,21.29,MODERATE
75.39,53.3,32.75,14.46,15.88,MODERATE
54.45,33.81,24.02,7.92,17.14,LOW
107.98,23.94,40.64,6.11,28.48,MODERATE
149.45,15.53,61.25,8.39,32.56,MODERATE
11.93,33.07,14.59,4.84,24.0,LOW
78.82,34.05,27.99,7.93,32.41,LOW
139.89,57.34,39.13,9.1,23.69,MODERATE
256.33,51.66,70.92,11.8,17.13,HIGH
57.2,31.64,27.01,7.67,22.74,LOW
148.12,39.76,48.0,8.31,32.95,MODERATE
237.79,34.71,71.06,11.88,20.38,HIGH
104.82,31.6,40.8,7.97,23.18,MODERATE
176.58,48.37,53.67,9.89,31.11,MODERATE
52.51,36.09,42.18,7.81,30.7,MODERATE
233.05,32.32,71.8,12.88,25.84,MODERATE
40.26,40.89,15.14,5.67,27.21,LOW
104.4,21.61,25.61,5.98,30.38,LOW
165.72,9.69,45.89,6.48,25.85,LOW
89.73,35.51,35.96,10.26,31.68,MODERATE
69.95,39.11,24.15,7.72,28.03,LOW
164.75,49.89,46.22,10.0,23.11,MODERATE
103.67,35.71,38.02,10.1,26.61,LOW
124.78,39.6,39.72,9.79,21.69,MODERATE
112.96,48.96,23.47,8.67,18.21,MODERATE
40.72,27.74,32.58,5.43,17.15,LOW
159.45,24.75,56.84,7.72,22.76,MODERATE
129.53,37.62,33.22,7.92,25.88,LOW
144.41,36.31,47.23,8.52,34.81,MODERATE
45.26,30.19,16.02,4.88,26.5,LOW
188.17,11.4,51.53,5.5,25.15,LOW
118.33,13.0,44.92,6.1,23.4,LOW
136.34,19.19,51.47,6.54,21.86,LOW
49.06,43.0,32.09,7.26,24.78,MODERATE
37.5,33.91,25.21,6.17,22.35,LOW
31.12,22.66,32.05,7.14,22.05,LOW
156.88,31.11,44.63,7.68,28.92,MODERATE
181.39,35.13,51.8,8.02,18.56,MODERATE
160.05,36.99,29.45,6.24,22.5,MODERATE
122.59,14.68,41.22,5.8,19.87,LOW
206.28,48.99,65.02,12.47,24.71,HIGH
117.37,27.11,43.1,7.75,29.12,LOW
157.02,28.67,44.55,6.83,26.1,MODERATE
123.0,23.62,48.82,7.13,22.67,LOW
142.6,27.33,45.78,9.29,29.64,MODERATE
155.09,36.65,55.25,8.38,29.3,MODERATE
169.01,40.76,56.07,9.7,24.24,MODERATE
57.27,38.6,38.99,7.64,33.56,MODERATE
63.31,19.17,31.64,4.65,26.52,LOW
62.73,40.16,33.68,6.79,26.35,LOW
78.93,45.24,31.75,8.28,16.78,LOW
46.33,33.87,21.17,5.11,13.9,LOW
164.57,31.6,55.13,7.73,24.38,MODERATE
151.21,26.27,60.29,8.09,29.98,MODERATE
82.64,39.64,28.25,6.29,25.97,LOW
272.97,41.43,73.07,10.76,29.71,MODERATE
103.09,8.98,37.89,4.14,21.52,LOW
98.25,37.05,42.09,7.72,24.49,LOW
271.33,39.97,77.46,12.54,24.1,HIGH
57.07,19.39,34.86,6.2,13.19,LOW
123.77,15.62,58.02,7.09,34.73,LOW
163.07,39.46,45.76,7.75,31.19,MODERATE
127.22,35.57,47.87,8.83,29.57,LOW
163.6,35.61,53.56,8.11,31.71,MODERATE
214.72,53.72,62.39,10.48,21.2,HIGH
284.09,53.78,82.35,13.6,28.77,HIGH
174.64,34.71,51.29,11.22,21.18,MODERATE
163.85,52.07,53.63,10.42,24.89,MODERATE
200.46,41.3,48.66,8.09,13.55,MODERATE
23.9,36.25,15.95,8.08,23.11,LOW
125.7,34.27,51.03,7.61,14.82,MODERATE
135.39,35.99,52.86,10.86,16.48,MODERATE
106.43,42.07,40.49,8.19,23.68,MODERATE
270.46,65.0,70.88,12.85,19.75,HIGH
92.35,30.35,41.92,7.56,26.03,MODERATE
100.71,40.11,47.05,12.5,34.05,MODERATE
76.59,39.25,28.55,9.64,20.27,LOW
26.03,22.95,10.0,4.05,22.41,LOW
12.51,23.02,21.35,5.8,27.99,LOW
125.12,38.89,49.84,9.18,19.98,MODERATE
50.3,22.21,30.77,6.46,19.71,LOW
130.91,46.54,56.32,11.81,21.33,MODERATE
90.18,27.37,47.39,6.58,29.29,MODERATE
116.65,28.99,38.22,6.55,13.39,LOW
169.46,29.78,53.87,12.09,18.92,MODERATE
113.31,48.3,35.96,12.18,33.19,MODERATE
82.46,35.2,24.96,5.53,5.41,LOW
155.85,25.47,41.58,6.21,23.24,MODERATE
25.37,33.86,26.32,13.11,33.18,LOW
166.57,36.52,54.07,9.0,35.46,MODERATE
254.98,17.11,78.22,9.24,28.8,MODERATE
165.18,49.63,71.59,10.96,31.03,MODERATE
13.56,21.4,21.98,7.27,18.31,LOW
97.1,37.97,30.06,6.6,18.8,MODERATE
68.29,38.32,38.31,7.21,34.28,MODERATE
222.63,36.73,57.53,8.66,22.42,MODERATE
88.95,29.91,48.56,10.66,12.74,LOW
84.11,63.85,17.73,9.62,26.51,MODERATE
69.73,15.17,25.97,5.79,22.85,LOW
256.93,28.44,76.5,9.67,24.49,HIGH
117.99,37.25,50.38,11.35,9.71,MODERATE
150.07,12.6,42.6,7.0,8.11,LOW
89.72,35.38,27.87,7.85,25.82,LOW
172.74,36.01,54.19,13.24,22.18,MODERATE
221.26,29.17,78.95,9.92,21.26,MODERATE
16.46,39.29,10.0,6.15,26.34,LOW
229.62,29.77,63.0,11.63,19.33,MODERATE
99.04,48.75,38.87,10.33,22.41,MODERATE
147.92,31.45,41.18,7.68,21.31,MODERATE
71.92,45.47,24.43,6.62,29.31,MODERATE
273.97,18.44,73.41,9.3,12.73,MODERATE
34.02,24.21,24.83,5.53,20.12,LOW
121.73,14.9,40.22,5.01,30.54,LOW
240.58,54.18,79.65,15.0,18.98,HIGH
110.97,27.82,44.15,6.95,24.72,MODERATE
99.8,32.5,40.02,7.19,34.02,MODERATE
174.5,22.35,61.61,8.84,24.95,MODERATE
190.03,64.77,60.01,12.28,36.84,HIGH
114.16,31.92,36.57,6.26,32.4,MODERATE
77.59,21.06,29.96,5.24,20.09,LOW
298.09,29.89,71.54,8.86,16.42,HIGH
127.61,38.74,59.11,8.92,20.38,MODERATE
100.33,43.23,44.52,7.89,26.28,MODERATE
141.52,27.2,25.66,5.07,26.08,LOW
77.31,29.9,42.67,7.01,27.99,LOW
91.74,23.31,23.46,5.37,18.45,LOW
148.62,31.73,51.86,11.1,19.33,MODERATE
37.9,46.46,10.0,6.61,27.35,LOW
136.72,29.38,41.65,8.1,35.95,MODERATE
82.79,5.0,43.94,4.68,17.42,LOW
120.62,25.9,52.71,8.9,23.57,MODERATE
208.39,38.73,63.3,10.39,21.84,HIGH
83.63,29.56,39.7,7.06,24.87,LOW
41.04,29.66,12.72,4.31,16.82,LOW
26.73,20.92,25.19,4.65,24.53,LOW
211.33,34.33,68.3,10.35,31.32,MODERATE
102.31,26.24,58.07,8.1,14.26,MODERATE
102.18,32.67,32.49,9.17,29.98,MODERATE
42.41,48.05,24.46,7.16,16.83,MODERATE
188.35,31.52,57.06,7.83,25.55,MODERATE
112.07,43.0,45.24,9.25,26.93,MODERATE
287.38,48.79,85.27,14.96,26.25,HIGH
10.74,11.42,25.85,3.89,22.0,LOW
117.65,52.55,48.79,10.72,27.97,MODERATE
114.71,23.82,28.39,5.05,16.46,LOW
122.22,21.99,20.98,5.1,29.49,LOW
86.65,54.14,29.95,10.13,21.21,MODERATE
211.03,50.98,61.14,13.02,25.93,MODERATE
29.2,18.44,16.52,3.33,21.89,LOW
49.02,39.84,22.11,6.41,33.19,LOW
200.25,31.54,56.37,9.19,26.63,MODERATE
14.21,5.0,22.75,2.37,27.92,LOW
130.22,16.1,35.38,6.2,28.73,LOW
129.13,49.74,42.79,9.52,22.55,MODERATE
204.73,46.55,59.48,9.92,25.74,HIGH
146.85,58.06,51.75,12.47,24.99,MODERATE
28.07,18.24,30.47,4.78,27.87,LOW
167.9,24.53,65.41,14.82,21.33,MODERATE
65.77,32.65,23.5,7.69,19.76,LOW
137.31,10.35,29.21,5.22,31.09,LOW
184.69,22.38,53.7,6.63,28.72,MODERATE
153.39,37.77,36.04,10.18,18.96,MODERATE
124.8,33.24,64.33,10.81,35.41,MODERATE
150.89,56.27,41.21,9.31,20.57,MODERATE
191.87,50.68,61.72,10.75,24.71,MODERATE
143.72,46.96,54.09,9.49,31.01,MODERATE
128.99,20.05,46.1,11.94,30.95,MODERATE
71.52,21.45,47.35,8.82,19.77,LOW
169.21,42.76,50.61,12.32,27.1,MODERATE
115.13,39.16,33.65,8.94,22.14,MODERATE
104.08,20.12,30.8,5.39,26.52,LOW
189.05,49.91,62.59,10.34,23.25,MODERATE
84.11,41.72,31.99,7.08,21.58,MODERATE
54.75,11.28,19.95,2.97,18.23,LOW
107.28,31.74,42.13,7.73,31.11,LOW
104.96,34.04,43.77,10.69,19.54,MODERATE
16.22,35.29,20.74,12.39,32.81,LOW
160.22,38.61,57.45,8.96,22.24,MODERATE
237.41,36.41,67.94,10.87,26.91,HIGH
276.91,50.62,71.17,12.12,33.24,HIGH
72.59,17.03,37.46,5.71,21.42,LOW
283.56,38.52,70.26,11.12,26.83,HIGH
51.17,43.03,17.23,6.38,26.96,LOW
278.22,35.28,85.46,14.7,20.0,HIGH
128.67,19.55,40.52,7.03,25.33,LOW
63.79,32.44,42.36,8.74,28.47,MODERATE
120.58,18.12,48.38,6.1,34.21,LOW
205.91,20.85,56.91,6.91,21.51,MODERATE
168.94,35.83,56.06,8.82,26.08,MODERATE
98.51,21.65,56.9,8.9,23.24,LOW
103.71,34.01,43.85,11.1,25.16,MODERATE
138.28,5.0,50.08,5.34,20.45,LOW
200.62,43.85,54.38,10.97,22.99,MODERATE
112.31,27.46,54.46,8.06,33.11,MODERATE
97.82,35.16,47.06,7.81,24.76,MODERATE
22.26,32.82,15.21,6.52,24.46,LOW
67.0,36.29,44.78,9.61,18.89,MODERATE
81.82,9.63,34.32,4.05,30.55,LOW
121.03,34.68,34.9,6.81,29.08,LOW
12.13,17.57,12.88,3.81,24.76,LOW
62.4,29.45,35.75,6.11,35.41,LOW
126.69,35.21,36.2,10.38,20.8,MODERATE
143.33,44.86,37.71,8.85,17.75,MODERATE
85.72,34.72,30.35,6.09,23.43,LOW
225.73,38.51,62.34,9.14,18.92,MODERATE
30.06,27.33,16.23,8.66,25.44,LOW
178.29,40.67,50.59,10.12,24.44,MODERATE
17.73,25.27,26.24,6.61,30.92,LOW
104.06,31.63,39.95,6.47,21.27,MODERATE
89.76,36.12,30.62,9.45,25.99,MODERATE
99.18,16.01,33.4,5.15,25.11,LOW
25.95,45.33,19.66,7.72,29.0,LOW
167.29,27.52,51.21,11.67,17.22,MODERATE
263.3,40.2,72.36,9.97,18.61,HIGH
127.85,42.98,50.17,9.3,20.53,MODERATE
78.74,40.05,33.9,6.79,17.49,MODERATE
223.34,39.83,65.95,10.3,27.67,HIGH
222.67,58.51,75.4,12.32,27.73,HIGH
24.72,23.18,35.45,8.78,30.55,LOW
45.77,39.59,15.22,5.94,23.13,LOW
287.67,45.72,65.66,11.33,21.23,HIGH
78.63,28.36,29.5,8.15,18.32,LOW
126.73,46.13,49.15,14.72,31.82,MODERATE
237.87,31.77,70.34,9.86,22.67,HIGH
84.02,26.29,41.92,6.9,19.64,MODERATE
188.95,8.27,53.43,5.22,28.5,MODERATE
77.42,24.39,16.38,3.77,21.96,LOW
125.59,42.83,31.7,8.23,17.6,MODERATE
48.35,25.55,30.15,5.07,18.8,LOW
164.59,20.58,59.7,7.55,24.54,MODERATE
83.57,33.51,18.13,4.81,17.57,LOW
277.21,45.96,87.27,13.01,23.49,HIGH
95.3,29.34,39.68,6.94,18.81,MODERATE
250.31,40.01,69.51,9.76,18.32,HIGH
131.49,17.06,38.91,5.35,21.07,LOW
117.35,41.59,53.55,9.71,24.96,MODERATE
51.89,34.64,33.59,7.75,25.92,MODERATE
236.44,21.1,70.94,8.72,29.55,MODERATE
33.38,26.95,16.49,6.46,19.3,LOW
157.26,31.6,62.51,8.34,32.35,MODERATE
146.59,17.99,47.49,5.73,38.0,MODERATE
138.19,18.56,47.79,5.75,21.48,MODERATE
63.49,5.0,29.55,4.02,13.4,LOW
211.18,60.44,55.34,12.31,13.55,MODERATE
260.82,38.62,74.94,10.07,21.02,HIGH
42.16,48.45,29.85,8.76,19.84,LOW
56.69,38.4,23.94,6.73,24.03,LOW
274.64,28.51,77.29,15.59,27.05,HIGH
41.38,27.95,24.57,6.66,16.28,LOW
147.64,23.95,54.8,8.39,22.97,LOW
139.33,33.44,43.26,8.07,20.96,MODERATE
106.92,19.05,40.34,14.04,36.21,LOW
96.89,32.73,39.81,12.36,15.71,LOW
85.91,28.34,31.33,6.5,19.45,LOW
131.76,36.53,37.38,7.55,24.2,MODERATE
147.63,39.35,42.18,8.24,19.49,MODERATE
19.53,42.89,22.57,6.93,30.8,LOW
28.52,48.53,19.39,7.54,17.88,MODERATE
142.87,31.78,44.44,7.21,18.5,MODERATE
282.11,33.92,81.9,13.87,31.32,HIGH
130.68,5.0,51.91,5.66,16.85,LOW
258.51,23.94,81.4,11.67,29.01,HIGH
98.47,22.98,31.76,5.81,21.28,LOW
30.18,25.52,29.02,6.77,20.29,LOW
228.53,29.82,81.96,10.15,20.95,MODERATE
39.01,17.31,24.59,5.17,17.28,LOW
206.61,10.12,59.87,6.84,29.44,MODERATE
141.38,30.1,43.85,7.2,24.82,LOW
133.97,29.2,35.96,9.0,29.35,MODERATE
121.68,27.95,48.51,6.85,31.06,MODERATE
66.48,18.14,29.07,5.14,27.25,LOW
72.19,12.23,29.68,3.92,15.28,LOW
158.11,24.67,55.28,9.85,18.18,MODERATE
126.28,23.75,49.02,6.74,29.11,MODERATE
179.8,5.0,49.75,5.99,24.33,MODERATE
246.25,37.71,64.56,9.21,27.9,HIGH
24.63,24.29,15.45,4.44,23.47,LOW
146.85,37.24,64.21,12.3,21.42,MODERATE
74.18,26.04,43.14,6.33,27.91,LOW
32.31,47.49,27.77,8.6,13.64,LOW
22.28,14.98,16.9,3.19,22.08,LOW
110.81,19.37,37.32,5.73,24.4,MODERATE
161.95,18.05,53.54,7.26,25.25,MODERATE
172.1,39.02,70.53,10.84,16.23,MODERATE
59.21,31.71,30.34,6.98,16.48,LOW
208.86,49.07,65.02,11.64,21.64,MODERATE
40.63,47.48,10.0,6.02,23.62,LOW
176.0,41.97,55.78,9.43,33.33,MODERATE
37.47,37.83,12.09,4.81,18.73,LOW
180.95,25.69,50.91,8.84,21.04,MODERATE
99.09,39.05,37.17,9.6,33.55,MODERATE
234.31,26.07,64.13,8.07,30.38,MODERATE
124.43,24.16,37.29,5.74,17.32,LOW
184.43,31.75,50.56,7.28,28.05,MODERATE
32.74,23.82,20.52,9.3,28.99,LOW
146.01,24.95,45.08,8.57,25.17,MODERATE
176.14,14.98,53.91,6.48,16.96,MODERATE
179.59,31.08,54.07,8.42,20.43,MODERATE
74.8,22.77,41.69,6.13,20.23,LOW
244.59,40.21,52.41,9.58,27.17,HIGH
135.52,46.3,46.77,10.27,21.42,MODERATE
184.53,39.31,56.16,9.31,22.41,MODERATE
98.33,43.88,35.56,10.33,20.39,MODERATE
243.61,34.29,62.95,9.56,14.65,MODERATE
91.89,11.47,34.02,4.1,38.0,LOW
263.79,29.17,59.97,9.17,26.42,MODERATE
300.0,17.95,82.65,9.34,32.83,HIGH
173.41,43.61,56.25,12.98,17.31,MODERATE
153.43,32.12,43.12,7.41,33.11,MODERATE
278.28,31.11,91.75,11.22,21.62,HIGH
126.41,29.87,41.85,7.91,27.18,MODERATE
130.72,41.63,44.11,8.81,29.95,MODERATE
74.68,49.71,42.12,9.04,33.07,MODERATE
104.76,28.58,55.18,14.15,23.72,MODERATE
170.47,34.52,43.52,7.47,17.97,MODERATE
81.16,35.04,28.24,6.25,23.91,LOW
124.59,22.53,41.59,8.58,27.55,MODERATE
52.71,14.35,20.65,3.09,20.78,LOW
92.88,38.46,42.2,7.56,21.46,MODERATE
48.52,25.49,18.85,5.4,14.71,LOW
45.57,18.23,35.16,4.9,18.13,LOW
126.36,14.65,47.79,11.67,26.67,LOW
111.82,33.92,48.91,8.24,29.29,LOW
82.96,41.63,26.46,7.64,30.61,LOW
79.36,11.44,29.39,3.76,37.66,LOW
27.57,33.25,28.25,6.1,32.93,LOW
61.72,37.74,34.31,7.95,23.09,LOW
272.27,11.39,72.6,8.14,18.39,MODERATE
34.34,18.39,21.4,5.85,22.46,LOW
83.1,42.3,29.81,7.09,20.69,MODERATE
97.81,37.74,35.15,8.18,25.0,MODERATE
113.24,40.51,32.19,7.14,29.35,MODERATE
97.34,19.28,27.35,5.44,26.88,LOW
43.88,37.48,32.7,7.76,33.46,LOW
70.3,58.84,28.82,8.38,26.37,MODERATE
107.62,40.54,47.89,9.08,16.35,MODERATE
13.23,24.24,22.68,4.26,20.58,LOW
113.65,25.16,42.5,6.96,26.42,LOW
269.38,43.05,68.58,11.59,25.37,HIGH
135.61,36.5,35.15,6.58,31.85,MODERATE
136.98,39.48,41.48,11.46,24.04,MODERATE
192.67,28.84,69.64,9.38,22.94,MODERATE
95.16,27.48,43.05,10.37,14.56,MODERATE
94.86,28.07,31.47,5.49,19.16,LOW
74.86,47.31,27.91,11.45,25.85,MODERATE
187.15,38.76,48.74,7.95,25.26,MODERATE
128.96,16.8,30.99,5.09,27.57,LOW
81.31,43.76,33.7,11.24,26.7,MODERATE
82.69,41.89,46.99,8.35,23.32,MODERATE
134.39,35.06,58.47,8.24,17.99,MODERATE
77.68,28.25,36.95,8.14,24.0,MODERATE
79.33,41.8,27.63,7.75,23.73,LOW
191.58,37.55,45.55,8.48,32.23,MODERATE
94.63,37.47,44.19,7.33,31.97,MODERATE
180.94,39.57,58.38,10.22,21.13,MODERATE
125.26,25.79,40.03,6.06,20.27,MODERATE
228.59,58.25,61.42,14.75,15.88,HIGH
56.87,33.73,32.32,7.69,23.01,LOW
94.41,45.58,29.16,8.73,21.15,MODERATE
172.52,31.28,54.87,7.91,38.0,MODERATE
135.33,25.39,35.01,8.53,17.31,MODERATE
94.49,20.7,53.62,7.52,24.35,LOW
145.25,20.64,41.46,8.3,20.14,MODERATE
47.27,29.08,30.59,5.83,24.15,LOW
80.0,34.78,23.02,7.43,22.0,LOW
155.44,24.3,47.89,7.54,28.87,MODERATE
52.57,29.37,33.64,5.7,26.64,LOW
243.05,51.62,77.28,12.12,28.67,HIGH
116.33,36.51,46.7,7.69,19.49,MODERATE
115.25,30.88,39.25,6.89,30.48,LOW
175.4,55.51,48.26,10.14,21.11,MODERATE
251.48,55.85,61.7,11.49,15.56,HIGH
115.89,40.26,52.53,9.6,22.91,MODERATE
122.32,21.41,42.74,6.83,24.68,LOW
220.9,6.04,65.9,5.94,16.5,MODERATE
61.98,18.38,37.96,6.96,29.24,LOW
112.54,30.69,44.45,11.09,19.13,MODERATE
131.56,38.92,42.92,7.97,18.88,LOW
118.58,30.1,47.04,7.07,24.0,MODERATE
80.82,40.52,27.8,7.44,29.14,LOW
65.96,25.94,17.1,5.79,16.71,LOW
152.23,23.71,59.78,8.86,29.64,MODERATE
158.77,38.72,45.62,8.94,11.04,MODERATE
59.47,41.79,25.65,6.47,25.98,LOW
173.65,35.59,51.47,10.4,17.22,MODERATE
170.91,20.58,47.78,6.71,19.21,MODERATE
140.09,30.21,54.63,7.77,34.43,MODERATE
78.93,43.0,35.36,7.26,18.07,LOW
165.73,9.97,49.03,5.73,23.66,LOW
125.69,32.27,32.45,7.27,17.6,MODERATE
34.95,22.31,25.12,5.88,28.62,LOW
175.01,42.61,33.9,11.91,26.45,MODERATE
128.59,27.46,45.15,6.61,27.3,LOW
157.4,52.17,60.37,16.43,30.79,MODERATE
187.89,41.46,56.85,10.29,21.97,MODERATE
37.02,41.9,32.79,7.72,30.45,LOW
112.85,35.9,29.99,9.28,32.94,LOW
144.37,29.31,63.07,9.76,25.71,MODERATE
107.3,36.02,47.38,8.04,17.36,MODERATE
129.15,36.47,47.22,10.66,16.77,MODERATE
25.65,29.04,15.86,5.82,26.65,LOW
104.64,52.15,31.9,9.57,17.36,MODERATE
39.11,30.56,23.04,8.3,15.94,LOW
230.88,42.06,75.42,11.13,29.3,HIGH
101.1,32.5,26.72,6.99,21.25,MODERATE
141.26,31.47,46.16,8.89,38.0,MODERATE
35.76,33.85,28.74,6.59,20.06,LOW
111.01,54.99,46.86,9.38,21.02,MODERATE
83.07,21.25,39.13,7.47,26.16,LOW
140.44,17.59,34.55,4.6,25.23,LOW
28.7,44.52,30.37,8.78,23.49,LOW
74.63,36.06,31.96,9.79,23.35,MODERATE
133.6,16.86,35.71,5.18,38.0,LOW
124.84,28.49,42.27,6.39,33.96,MODERATE
154.96,52.82,33.42,8.35,29.06,MODERATE
82.97,13.15,37.88,5.58,16.65,LOW
111.43,19.16,38.49,9.28,23.56,MODERATE
147.79,38.62,37.35,7.93,27.96,MODERATE
102.44,29.61,35.22,5.96,28.49,LOW
197.11,39.27,52.71,9.63,31.67,MODERATE
85.75,35.58,28.72,7.84,20.15,LOW
60.74,37.62,10.27,5.33,23.77,LOW
134.35,29.46,31.18,7.36,19.47,MODERATE
160.79,38.02,48.54,8.27,32.01,MODERATE
144.42,20.63,43.56,7.88,28.19,MODERATE
187.1,20.57,63.95,7.8,20.96,MODERATE
16.46,33.54,13.57,4.88,25.35,LOW
202.94,31.57,55.43,10.76,24.3,MODERATE
152.64,26.4,44.74,7.41,18.72,MODERATE
139.58,41.07,44.13,8.14,29.58,MODERATE
66.12,32.3,30.28,9.75,24.46,MODERATE
123.47,50.88,38.91,9.96,20.82,MODERATE
80.29,29.47,37.23,6.3,18.62,LOW
109.57,55.05,57.51,11.54,29.13,MODERATE
99.49,5.0,30.29,5.99,25.61,LOW
37.92,33.32,26.48,7.24,19.83,LOW
161.35,37.9,50.73,8.27,21.01,MODERATE
73.08,13.01,39.45,6.03,24.03,LOW
92.94,36.7,37.07,8.08,24.38,LOW
135.15,38.35,38.92,9.53,25.15,MODERATE
126.1,49.88,33.42,7.96,13.38,MODERATE
172.99,17.68,57.94,8.21,24.72,MODERATE
12.71,14.1,10.0,2.25,16.69,LOW
127.28,37.33,52.47,9.72,32.51,MODERATE
131.04,20.71,48.25,10.78,30.26,MODERATE
109.2,29.25,39.72,6.39,30.94,LOW
72.76,45.86,20.51,6.79,9.25,LOW
134.23,23.83,49.93,7.69,22.2,MODERATE
95.62,32.78,48.97,9.17,23.53,LOW
176.12,29.75,50.35,7.64,27.45,MODERATE
24.34,24.42,14.42,5.23,29.41,LOW
145.74,48.14,46.33,11.96,31.71,MODERATE
146.27,28.62,50.91,8.88,10.1,LOW
28.67,41.26,17.06,7.35,19.19,LOW
23.15,16.93,27.29,4.6,24.35,LOW
239.27,48.43,82.92,15.11,28.98,HIGH
46.56,39.94,27.89,6.71,28.81,MODERATE
82.88,16.98,30.63,4.49,26.85,LOW
287.95,17.59,81.87,8.99,20.18,MODERATE
284.25,38.69,86.95,12.4,20.94,HIGH
144.39,41.82,48.04,10.99,20.22,MODERATE
111.87,27.0,43.49,6.39,18.11,LOW
85.27,43.43,39.4,10.02,18.03,MODERATE
48.35,44.2,18.63,8.42,17.46,LOW
115.45,32.33,44.07,8.08,26.02,LOW
218.29,29.4,52.29,9.27,24.75,MODERATE
106.17,26.18,33.09,5.57,18.44,MODERATE
126.5,32.22,51.99,7.66,13.73,MODERATE
12.33,31.23,24.68,8.08,21.78,LOW
105.41,27.22,36.03,6.64,32.88,MODERATE
81.07,55.57,46.48,9.7,24.04,MODERATE
53.54,20.0,16.3,5.05,28.8,LOW
184.15,28.57,53.87,10.5,25.08,MODERATE
124.11,34.67,44.51,8.53,23.65,MODERATE
136.99,30.31,22.67,5.49,15.16,MODERATE
124.35,24.7,41.1,6.75,21.56,LOW
79.28,26.08,23.45,6.58,20.79,LOW
85.24,18.01,24.94,3.9,32.89,LOW
92.11,29.38,33.09,5.95,25.1,LOW
74.85,5.0,16.86,2.78,31.67,LOW
48.0,24.69,19.1,5.39,30.76,LOW
104.14,32.34,23.49,5.73,18.92,MODERATE
125.45,19.71,43.59,5.99,24.01,MODERATE
66.01,9.97,30.36,3.49,34.11,LOW
279.16,41.4,73.63,10.08,27.38,HIGH
113.76,45.72,48.0,8.9,27.02,MODERATE
53.18,30.09,24.33,6.09,29.48,LOW
131.46,43.16,43.74,9.03,26.88,MODERATE
80.74,40.86,25.51,7.15,27.28,LOW
42.54,41.66,10.0,5.76,25.81,LOW
174.44,28.0,52.21,7.41,21.96,MODERATE
49.55,36.9,23.69,6.35,17.65,LOW
163.84,34.57,64.72,8.86,12.86,MODERATE
269.1,42.76,79.54,10.82,22.02,HIGH
248.91,45.89,66.46,10.44,26.62,HIGH
132.08,28.35,45.19,14.51,25.43,MODERATE
75.77,34.92,38.93,7.2,27.82,LOW
296.53,51.81,84.37,16.06,23.24,HIGH
113.22,51.85,53.26,10.19,38.0,MODERATE
39.28,44.2,17.33,6.67,36.16,LOW
92.91,16.59,43.24,7.51,14.89,LOW
103.71,34.89,34.43,6.39,27.94,LOW
184.49,64.24,57.14,11.3,29.81,MODERATE
122.05,36.97,37.39,12.15,11.26,MODERATE
166.54,22.84,50.5,7.38,25.0,MODERATE
11.74,26.99,19.27,4.31,27.1,LOW
54.68,32.01,31.78,5.82,23.97,LOW
140.41,43.11,46.38,11.59,26.32,MODERATE
213.19,40.4,42.01,10.5,24.47,MODERATE
66.54,36.96,29.02,6.94,28.22,MODERATE
223.51,49.31,75.93,11.27,33.29,HIGH
77.47,35.27,31.36,8.7,28.62,LOW
123.97,36.08,54.26,8.54,31.05,MODERATE
167.09,34.93,50.8,8.37,17.66,MODERATE
195.32,27.79,45.4,8.13,36.16,MODERATE
145.11,26.86,43.46,6.82,25.89,MODERATE
109.64,33.53,34.65,7.61,21.66,LOW
123.31,43.94,40.29,10.87,26.49,MODERATE
112.22,49.28,30.21,9.74,20.73,LOW
102.29,26.68,37.43,6.38,24.83,MODERATE
41.38,21.78,21.48,4.41,25.81,LOW
26.43,21.02,31.12,5.1,19.88,LOW
285.28,33.02,68.08,9.39,24.93,MODERATE
14.17,16.92,20.08,4.32,19.79,LOW
258.26,31.81,75.11,10.0,19.76,MODERATE
95.04,24.48,42.11,6.03,17.93,MODERATE
268.44,46.42,71.15,10.6,21.76,HIGH
109.39,56.47,40.83,9.54,20.7,MODERATE
296.39,48.29,83.03,12.71,26.84,HIGH
172.53,35.47,39.77,8.08,30.58,MODERATE
107.06,25.73,35.93,6.45,27.97,LOW
148.11,32.85,47.32,9.08,29.83,MODERATE
110.21,39.64,39.92,9.16,29.33,MODERATE
77.18,24.93,32.56,5.93,18.44,LOW
69.25,60.96,33.73,8.99,22.0,MODERATE
53.81,18.27,42.34,6.35,34.68,LOW
83.86,31.77,28.69,6.19,20.73,LOW
90.52,41.63,37.96,7.42,35.12,MODERATE
52.93,34.68,37.05,12.44,21.5,MODERATE
84.17,58.35,19.13,8.06,11.71,MODERATE
176.46,35.41,55.97,9.49,22.52,MODERATE
201.1,34.18,45.8,8.09,29.08,MODERATE
79.53,17.11,49.98,5.94,33.98,LOW
286.35,43.83,82.17,11.04,15.13,HIGH
211.22,24.23,64.57,9.06,28.97,MODERATE
112.46,29.25,24.75,5.33,29.36,LOW
65.45,41.83,25.36,6.63,31.81,LOW
75.19,22.04,27.54,9.13,7.97,LOW
11.13,15.68,31.58,5.02,33.94,LOW
110.23,21.99,45.08,5.85,26.65,MODERATE
96.08,34.19,22.91,5.87,26.75,LOW
242.65,41.13,72.14,11.2,30.23,MODERATE
114.08,33.96,28.07,6.24,11.97,LOW
72.94,35.41,18.01,5.02,30.09,LOW
129.43,36.89,47.1,8.34,38.0,MODERATE
49.79,5.9,31.91,3.31,15.79,LOW
86.69,45.12,37.74,8.98,23.61,MODERATE
224.68,33.16,79.47,11.12,24.22,MODERATE
155.89,37.51,52.25,7.99,26.14,MODERATE
147.51,11.43,48.81,5.56,26.56,LOW
42.58,18.15,14.64,3.79,19.97,LOW
266.28,55.96,80.44,13.23,24.24,HIGH
106.58,30.21,25.24,5.57,34.46,LOW
145.51,29.13,63.17,8.48,26.44,MODERATE
93.91,41.12,42.63,13.63,26.21,MODERATE
95.15,9.21,58.25,5.65,19.71,LOW
60.04,16.82,31.32,10.96,32.03,LOW
124.1,35.43,49.66,7.59,22.7,MODERATE
48.26,24.96,23.4,4.88,11.7,LOW
143.3,31.14,46.18,7.83,26.52,MODERATE
225.28,45.93,56.15,9.32,28.24,MODERATE
277.65,39.99,64.5,9.38,22.21,HIGH
61.75,41.41,30.1,6.99,10.61,MODERATE
114.23,52.75,39.74,13.9,17.3,MODERATE
45.68,37.0,16.44,5.73,23.31,LOW
70.06,50.72,23.22,8.18,21.66,MODERATE
133.23,28.75,44.57,8.27,26.65,MODERATE
179.47,34.35,45.74,9.13,27.55,MODERATE
105.86,25.47,41.14,7.59,21.39,LOW
119.29,42.31,32.75,7.47,15.61,MODERATE
220.83,48.08,65.63,10.24,32.72,HIGH
171.65,34.07,43.56,7.39,27.36,MODERATE
136.81,34.56,35.93,6.68,28.03,MODERATE
220.79,8.55,44.68,4.65,26.3,MODERATE
154.87,38.57,47.79,7.72,30.58,MODERATE
165.63,41.54,63.07,13.32,21.71,MODERATE
121.19,24.09,52.84,10.44,28.97,MODERATE
117.13,32.64,43.36,6.81,28.01,LOW
107.76,30.86,22.7,5.19,27.81,LOW
287.6,48.24,85.02,11.85,16.83,HIGH
170.01,31.07,54.21,7.94,24.83,MODERATE
80.76,47.58,29.51,7.46,26.32,MODERATE
35.1,30.28,32.38,9.99,34.67,LOW
120.45,27.63,46.42,6.61,24.6,MODERATE
113.85,20.79,55.74,6.9,30.49,LOW
43.5,34.8,13.33,4.67,15.08,LOW
125.8,13.03,32.06,9.76,19.7,LOW
146.63,37.39,37.99,10.54,26.63,MODERATE
52.41,29.23,24.25,6.75,26.58,LOW
62.62,40.81,41.48,8.23,19.7,LOW
77.92,24.24,27.15,4.91,29.73,LOW
44.1,32.68,19.88,5.23,22.99,LOW
89.47,38.18,38.02,7.74,22.86,LOW
112.68,19.28,46.53,7.84,23.53,LOW
106.27,35.44,20.48,5.64,32.03,MODERATE
182.03,42.26,63.36,9.85,30.53,MODERATE
188.94,40.45,51.32,9.53,35.3,MODERATE
149.03,30.85,46.97,7.25,27.3,MODERATE
162.62,30.84,62.12,9.37,35.59,MODERATE
115.18,42.5,38.61,8.07,25.43,MODERATE
200.15,59.58,46.78,9.75,23.24,HIGH
171.75,33.84,40.99,7.44,21.37,MODERATE
51.35,35.79,26.06,9.44,22.94,LOW
162.64,30.19,48.11,7.39,23.24,MODERATE
105.61,54.53,38.71,9.13,19.89,MODERATE
122.46,49.06,38.73,8.11,20.46,MODERATE
124.2,25.63,52.26,8.18,27.65,LOW
243.26,30.43,68.72,11.38,21.07,MODERATE
62.45,21.06,14.64,3.93,13.8,LOW
222.4,25.58,70.46,8.61,13.49,MODERATE
138.53,36.05,60.73,13.17,11.42,MODERATE
284.82,31.13,78.9,11.48,15.5,HIGH
99.57,37.28,38.76,8.09,16.8,MODERATE
57.65,17.53,21.44,4.02,18.16,LOW
37.07,26.03,21.22,4.67,25.72,LOW
259.78,43.12,76.17,12.29,16.37,HIGH
190.15,41.4,65.89,10.52,18.48,MODERATE
125.6,38.9,46.2,8.69,13.01,MODERATE
124.93,42.34,57.03,8.91,20.04,MODERATE
51.48,32.19,27.11,6.46,28.34,LOW
112.0,38.48,30.67,8.9,23.86,MODERATE
81.98,30.17,24.29,9.36,24.49,LOW
179.26,32.16,64.31,8.53,23.99,MODERATE
77.14,46.84,40.03,9.38,16.29,MODERATE
153.74,7.14,35.67,4.83,21.55,LOW
95.82,40.58,34.4,10.13,25.33,MODERATE
124.6,24.63,41.03,7.83,29.82,MODERATE
241.96,42.51,62.22,14.27,26.18,HIGH
120.38,44.76,30.2,11.72,29.28,MODERATE
40.1,12.05,17.63,3.0,17.48,LOW
72.6,47.86,23.34,8.59,14.98,LOW
166.75,26.59,40.59,7.04,13.49,MODERATE
82.9,51.91,39.87,8.74,28.9,MODERATE
290.71,50.28,81.22,11.85,15.36,HIGH
181.18,33.38,51.15,7.56,30.37,MODERATE
130.69,44.24,27.19,8.98,21.32,MODERATE
106.41,44.62,36.02,7.93,34.01,MODERATE
66.95,7.28,33.9,6.36,21.31,LOW
53.45,55.52,20.87,8.63,21.64,LOW
142.32,46.42,37.11,9.29,24.4,MODERATE
122.11,12.72,40.88,5.06,21.51,LOW
86.85,35.82,36.79,7.44,26.51,MODERATE
109.73,39.63,23.14,6.61,17.73,MODERATE
167.2,28.74,62.62,8.29,25.12,MODERATE
148.2,37.11,37.61,9.4,19.49,MODERATE
158.89,21.24,46.57,7.31,22.77,MODERATE
113.94,12.4,49.52,5.26,15.75,MODERATE
176.92,23.04,54.92,9.27,29.23,MODERATE
194.81,19.65,66.63,7.46,21.86,MODERATE
116.19,12.93,52.99,6.31,29.5,LOW
143.99,41.85,35.0,8.26,19.58,MODERATE
74.72,28.66,38.66,5.97,23.95,LOW
187.93,35.88,66.95,10.53,29.56,MODERATE
219.47,44.32,60.28,10.87,16.95,MODERATE
111.13,48.0,37.08,9.35,18.71,MODERATE
101.94,32.96,22.12,5.33,28.86,LOW
212.27,53.45,67.95,11.22,32.08,HIGH
173.51,27.71,32.89,5.83,24.1,MODERATE
130.74,33.57,51.51,12.31,18.18,MODERATE
75.66,43.1,20.3,6.04,22.09,LOW
154.32,5.0,60.08,6.15,35.82,LOW
78.69,30.74,35.48,8.99,16.0,LOW
77.61,20.94,40.15,7.51,27.17,LOW
121.54,16.55,35.24,7.07,24.75,MODERATE
227.79,41.0,54.45,13.83,17.06,MODERATE
197.17,36.7,44.27,7.95,22.12,MODERATE
179.71,57.76,63.27,11.39,13.17,MODERATE
85.03,12.27,39.01,4.39,25.73,LOW
281.21,40.31,82.45,10.87,26.6,HIGH
176.31,36.23,56.12,9.35,15.8,MODERATE
219.07,30.75,67.55,8.74,27.34,MODERATE
272.74,34.61,72.67,11.27,20.01,HIGH
166.01,42.83,54.49,8.7,19.47,MODERATE
20.9,21.92,12.74,3.66,18.15,LOW
247.05,34.96,66.61,10.61,27.97,HIGH
66.88,28.57,54.06,7.62,13.96,LOW
95.9,47.39,36.41,9.61,14.46,MODERATE
50.15,34.59,10.26,12.51,20.45,LOW
140.34,26.76,42.61,8.48,20.65,MODERATE
134.65,50.09,36.16,8.53,27.76,MODERATE
232.53,34.92,67.43,12.35,23.45,MODERATE
231.91,30.26,58.9,7.82,23.46,MODERATE
88.61,27.5,32.8,7.31,14.28,LOW
101.4,38.4,31.39,6.39,22.62,LOW
69.92,33.42,31.96,6.19,9.55,LOW
95.99,27.18,31.1,11.79,25.42,LOW
162.64,48.02,53.64,9.76,28.06,MODERATE
118.77,25.46,56.72,9.66,19.32,MODERATE
131.61,54.91,34.72,8.98,26.25,MODERATE
111.79,33.55,45.38,9.74,21.37,MODERATE
87.01,27.08,14.52,8.92,31.39,LOW
171.94,17.43,50.96,6.68,25.37,LOW
170.29,50.72,54.3,10.65,17.77,MODERATE
103.08,44.58,31.69,8.48,31.03,MODERATE
59.41,31.36,13.77,8.33,28.96,LOW
110.57,36.43,39.02,7.21,21.53,MODERATE
106.16,35.44,50.61,9.01,26.97,MODERATE
119.48,22.85,40.11,6.08,26.88,MODERATE
143.49,34.63,51.04,7.91,21.45,LOW
86.32,26.87,43.0,6.26,24.39,LOW
206.16,45.32,80.13,12.4,25.47,HIGH
105.4,44.12,29.77,10.0,19.95,MODERATE
140.46,36.86,38.31,7.4,32.08,LOW
157.4,44.41,47.29,9.43,12.14,MODERATE
97.43,37.91,41.36,8.64,28.06,MODERATE
154.47,35.65,30.42,6.8,16.69,MODERATE
51.2,17.66,31.49,7.79,22.54,LOW
273.05,44.23,76.26,11.2,14.41,HIGH
65.02,43.12,25.03,6.51,16.09,LOW
258.75,40.44,75.33,10.3,23.48,HIGH
76.23,18.8,38.89,8.31,24.44,LOW
91.55,38.95,43.36,14.0,30.36,MODERATE
168.77,46.84,52.25,9.38,21.61,MODERATE
88.39,35.23,37.05,6.72,27.7,LOW
31.72,18.49,24.28,4.78,23.94,LOW
105.27,21.86,48.01,7.88,27.47,LOW
127.87,16.37,46.18,6.75,17.45,LOW
160.81,29.03,55.54,11.87,24.53,MODERATE
251.54,43.97,77.48,13.15,26.24,HIGH
106.27,13.14,54.05,8.69,21.02,LOW
97.54,48.45,31.77,8.56,26.29,MODERATE
99.76,11.73,49.95,5.76,26.86,MODERATE
194.62,32.05,77.59,11.23,20.89,MODERATE
60.24,53.37,24.08,8.13,28.65,MODERATE
277.44,29.85,74.3,9.44,10.18,HIGH
51.35,42.14,22.87,6.29,12.51,MODERATE
207.34,48.32,65.87,11.23,17.79,MODERATE
97.6,16.82,21.58,4.76,25.69,LOW
143.58,33.38,42.59,8.01,19.47,MODERATE
25.94,27.75,18.52,4.44,15.97,LOW
203.31,29.34,56.84,8.75,23.47,MODERATE
170.81,45.8,49.61,8.83,24.6,MODERATE
255.72,40.38,67.34,11.06,20.18,MODERATE
234.75,32.2,72.87,9.89,16.89,MODERATE
69.82,24.63,34.67,8.07,24.04,LOW
62.33,20.21,42.34,7.67,28.77,MODERATE
189.23,40.49,62.87,11.01,16.71,MODERATE
164.42,40.93,42.39,9.29,33.49,MODERATE
209.79,51.44,59.79,11.16,20.6,MODERATE
39.19,27.91,21.41,4.6,20.18,LOW
60.16,31.99,30.28,7.22,24.81,LOW
152.21,27.11,57.23,8.23,24.62,MODERATE
138.83,37.9,47.03,8.5,10.6,MODERATE
194.34,45.29,59.26,9.98,23.35,MODERATE
99.3,34.59,36.93,10.38,27.47,LOW
265.96,8.34,80.0,7.66,30.17,MODERATE
126.56,25.24,38.29,6.16,23.31,LOW
235.59,54.03,55.17,14.76,21.86,HIGH
149.37,34.38,53.02,10.17,28.35,MODERATE
194.33,15.78,60.75,6.46,34.75,MODERATE
123.73,24.9,52.81,10.26,24.56,MODERATE
229.29,50.16,46.02,9.08,22.91,MODERATE
36.19,52.75,22.16,8.88,31.54,MODERATE
149.15,50.87,48.67,10.19,17.22,MODERATE
61.41,23.31,16.42,4.8,24.38,LOW
230.56,41.79,65.03,11.28,38.0,MODERATE
119.52,42.59,50.79,8.67,26.72,MODERATE
181.36,40.51,71.59,10.04,28.6,MODERATE
173.24,30.95,60.97,9.56,22.03,MODERATE
276.38,21.43,73.21,8.51,27.52,MODERATE
104.57,24.62,48.1,11.78,31.3,LOW
66.63,35.46,36.95,7.4,14.91,LOW
99.78,47.58,33.08,7.58,23.42,MODERATE
223.88,49.92,59.6,11.5,26.1,HIGH
83.92,13.09,32.11,4.43,23.66,LOW
36.18,29.89,14.55,4.39,21.08,LOW
196.16,29.84,55.67,8.26,32.37,MODERATE
93.68,31.59,39.5,11.31,25.22,MODERATE
137.82,17.61,53.63,6.85,19.79,MODERATE
125.97,7.6,39.68,4.57,29.91,LOW
280.39,25.0,87.79,10.41,32.34,HIGH
80.08,37.15,37.82,6.76,30.84,LOW
68.12,33.18,35.55,6.38,21.51,LOW
205.43,38.43,52.84,10.91,21.77,MODERATE
17.97,29.49,33.41,11.35,17.76,LOW
262.31,48.11,77.13,11.24,25.52,HIGH
27.87,45.99,18.47,7.23,30.59,LOW
152.51,48.41,44.48,13.49,27.39,MODERATE
141.51,33.0,43.65,7.05,34.51,MODERATE
239.17,59.93,59.47,11.06,12.36,HIGH
300.0,25.28,88.91,13.56,24.84,HIGH
66.69,25.73,22.34,6.19,28.99,LOW
60.74,44.86,30.68,7.19,20.35,LOW
77.81,34.39,28.52,6.47,17.21,MODERATE
130.77,15.32,49.14,5.55,16.76,MODERATE
256.36,35.26,77.85,10.6,24.63,HIGH
27.88,36.31,15.98,7.17,16.61,LOW
112.32,23.87,39.44,6.75,32.84,LOW
80.04,28.1,21.06,6.06,27.09,LOW
74.22,42.68,44.93,8.46,22.8,MODERATE
125.11,21.42,51.07,6.49,23.52,LOW
143.76,47.21,35.46,7.58,30.49,MODERATE
115.14,21.63,33.39,7.42,32.05,MODERATE
106.07,20.23,37.26,6.52,18.4,LOW
78.96,31.97,32.68,6.2,19.6,LOW
120.67,37.56,36.06,7.45,21.86,LOW
185.31,34.58,46.61,9.61,20.25,MODERATE
77.14,25.74,35.13,6.54,13.17,LOW
84.32,31.18,47.47,7.45,19.11,MODERATE
67.38,55.03,30.26,8.39,19.78,MODERATE
177.06,48.15,51.62,9.31,16.8,MODERATE
152.52,25.98,45.38,8.83,26.64,MODERATE
141.69,50.08,37.4,9.31,23.25,MODERATE
80.61,18.78,27.36,5.92,27.7,LOW
10.91,15.83,26.49,6.65,18.09,LOW
115.33,41.3,23.81,12.53,27.8,MODERATE
183.08,39.42,55.84,8.84,24.87,MODERATE
118.36,26.44,41.26,6.24,20.71,LOW
158.83,41.63,50.89,9.16,33.63,MODERATE
96.3,49.82,42.01,8.4,24.68,LOW
117.19,41.38,41.27,9.79,20.84,MODERATE
135.39,55.2,41.15,12.04,25.69,MODERATE
290.58,37.39,73.67,11.37,18.32,HIGH
126.8,37.24,53.28,8.45,22.94,MODERATE
94.07,45.14,44.02,8.23,36.17,LOW
27.66,28.6,44.11,7.11,13.38,LOW
103.33,33.39,35.48,8.87,20.83,LOW
73.27,37.6,26.01,6.48,23.11,LOW
111.72,5.58,43.2,4.07,21.8,LOW
140.56,19.27,49.35,6.36,21.0,MODERATE
256.86,54.82,76.6,18.51,34.16,HIGH
61.84,48.42,35.38,9.37,20.67,MODERATE
81.88,42.91,38.03,10.8,26.38,MODERATE
238.06,46.29,75.97,12.94,20.32,HIGH
165.7,34.04,61.12,9.46,26.4,MODERATE
181.87,50.73,64.82,10.5,29.61,MODERATE
140.18,14.43,27.75,4.31,23.55,LOW
52.76,35.63,28.47,7.15,20.57,LOW
131.19,41.59,36.48,10.15,23.26,MODERATE
91.75,48.26,43.63,8.79,27.21,MODERATE
228.84,40.3,47.09,7.99,29.2,MODERATE
92.03,23.68,47.0,7.36,25.54,LOW
82.24,35.57,26.17,5.94,23.52,LOW
267.64,39.95,65.13,10.62,31.67,HIGH
139.74,46.48,48.59,8.99,20.24,MODERATE
150.76,19.17,45.18,5.93,21.53,MODERATE
68.23,27.55,44.25,7.06,34.76,LOW
297.55,52.4,91.37,13.9,23.42,HIGH
81.96,17.31,28.95,5.23,27.95,LOW
65.37,41.77,37.72,7.62,18.68,LOW
68.46,34.71,25.7,8.85,30.01,LOW
31.24,30.16,17.44,4.59,17.1,LOW
148.53,32.91,53.39,7.62,16.65,MODERATE
200.38,25.74,70.73,9.62,29.35,MODERATE
113.02,28.35,36.33,5.94,21.83,MODERATE
267.74,34.67,70.98,10.2,22.55,MODERATE
127.09,35.7,45.37,11.75,26.58,MODERATE
135.83,46.26,37.73,9.44,22.26,MODERATE
283.87,30.84,89.97,11.72,17.71,HIGH
150.65,36.6,40.91,8.22,20.59,MODERATE
297.03,34.32,75.28,9.75,18.15,HIGH
113.72,23.55,54.16,7.54,30.97,LOW
71.23,39.51,32.39,7.17,31.23,LOW
85.1,20.36,49.27,10.57,18.96,LOW
116.32,52.12,38.84,8.74,26.61,MODERATE
184.07,23.66,75.65,9.37,22.36,MODERATE
12.95,39.06,22.77,9.9,32.76,LOW
214.04,30.43,56.07,9.86,38.0,MODERATE
179.49,39.06,48.35,12.78,28.39,MODERATE
181.52,42.18,43.28,9.09,20.92,MODERATE
291.13,46.66,68.27,10.74,17.05,HIGH
119.66,29.19,36.05,8.43,25.47,MODERATE
185.98,38.37,47.98,8.19,23.06,MODERATE
114.72,28.04,19.61,4.64,15.35,LOW
77.68,43.4,38.82,9.28,24.48,LOW
132.5,13.75,50.35,6.93,36.67,MODERATE
255.35,52.08,73.65,14.27,28.83,HIGH
156.34,34.78,40.32,11.61,17.03,MODERATE
37.9,38.14,36.51,9.65,23.89,LOW
195.09,47.97,56.49,9.41,26.24,MODERATE
151.94,36.28,41.76,8.61,26.95,MODERATE
82.2,18.91,34.94,6.99,14.18,LOW
129.38,18.53,44.87,11.46,23.3,MODERATE
50.16,27.33,10.0,4.24,25.57,LOW
263.2,35.21,72.66,9.61,22.88,MODERATE
69.82,38.42,31.33,9.22,12.43,LOW
78.29,51.49,29.19,8.06,23.09,MODERATE
127.96,36.6,32.58,7.63,28.7,MODERATE
204.98,24.22,49.76,7.14,20.57,MODERATE
46.01,58.04,29.24,8.91,21.18,MODERATE
279.49,31.11,82.58,11.7,32.39,HIGH
98.07,7.18,32.99,4.03,22.8,LOW
141.69,12.59,49.23,6.97,24.67,LOW
183.47,36.45,51.7,7.8,12.81,MODERATE
88.23,44.55,27.58,7.25,17.68,LOW
156.47,35.2,51.14,8.19,37.14,MODERATE
162.19,40.22,41.49,9.41,33.93,MODERATE
165.7,32.46,66.6,9.14,26.84,MODERATE
180.43,36.11,43.19,8.57,10.28,MODERATE
81.58,28.07,35.22,7.37,16.01,LOW
108.69,31.84,40.11,8.0,15.85,LOW
147.49,29.84,47.94,8.21,15.76,MODERATE
145.11,5.0,58.79,6.0,21.68,LOW
232.83,31.53,44.73,7.43,28.68,MODERATE
125.96,21.28,46.01,7.06,20.21,MODERATE
118.31,25.07,38.84,5.71,22.14,LOW
115.22,30.93,45.02,9.82,22.16,MODERATE
215.65,46.11,62.88,12.26,29.42,HIGH
111.59,22.17,38.95,5.97,29.36,LOW
56.88,29.14,17.86,5.6,24.97,LOW
135.62,22.79,39.45,9.47,31.67,MODERATE
24.9,32.13,45.53,7.33,21.7,LOW
111.22,42.41,44.21,9.81,34.48,MODERATE
127.41,23.47,51.45,6.59,20.36,LOW
97.45,30.39,33.62,6.84,12.19,LOW
286.94,47.32,71.28,13.66,16.42,HIGH
63.6,53.08,35.2,9.33,15.89,LOW
210.68,47.54,46.12,9.88,19.56,MODERATE
198.04,43.25,53.36,12.17,30.77,MODERATE
125.21,31.44,39.71,8.21,21.31,MODERATE
165.32,42.85,58.93,10.78,15.87,MODERATE
30.97,41.82,25.12,7.52,15.26,LOW
119.53,30.12,37.51,7.52,23.65,MODERATE
102.85,19.09,40.58,7.6,33.15,LOW
114.96,30.81,37.87,11.92,25.33,MODERATE
169.13,32.11,60.77,10.45,29.66,MODERATE
127.27,18.59,44.89,7.29,26.41,MODERATE
291.34,25.77,92.99,10.23,14.84,HIGH
181.5,35.36,52.71,10.3,27.61,MODERATE
285.01,53.99,87.51,14.4,17.17,HIGH
174.38,43.73,54.09,10.91,21.5,MODERATE
123.56,39.81,36.61,7.3,19.66,MODERATE
118.97,33.43,61.99,11.81,23.38,MODERATE
187.09,22.32,66.64,7.72,22.51,MODERATE
192.86,37.87,59.3,8.97,21.72,MODERATE
141.27,23.77,52.21,8.19,22.34,LOW
191.27,52.91,48.42,10.84,25.61,HIGH
130.38,56.21,35.31,9.01,22.34,MODERATE
143.4,32.21,55.46,9.47,22.96,MODERATE
71.73,31.22,30.82,6.32,35.95,LOW
80.58,27.26,31.48,5.24,30.24,LOW
160.7,36.91,48.05,7.8,21.01,MODERATE
141.9,37.21,47.44,10.73,24.64,MODERATE
38.11,32.57,21.35,5.34,24.17,LOW
128.57,31.74,27.03,5.52,24.48,LOW
203.62,39.94,71.12,11.4,23.87,MODERATE
157.16,14.98,48.69,6.26,24.52,MODERATE
156.95,31.85,64.18,10.71,22.49,MODERATE
113.16,45.0,25.8,9.53,20.31,MODERATE
110.71,32.76,25.23,8.1,21.67,MODERATE
140.56,12.46,43.72,5.31,13.58,LOW
86.92,19.9,41.94,6.4,28.17,MODERATE
42.12,27.27,14.51,5.46,26.89,LOW
145.35,40.95,36.91,7.63,36.07,MODERATE
154.71,19.56,52.01,6.18,16.83,MODERATE
133.25,37.65,41.81,8.14,21.58,MODERATE
158.24,28.35,54.17,7.19,31.0,MODERATE
117.52,42.11,38.49,11.8,26.15,MODERATE
223.01,41.95,67.14,11.96,33.79,HIGH
211.58,41.45,72.48,10.26,32.86,MODERATE
87.94,52.41,24.61,7.72,9.42,MODERATE
113.46,21.87,49.44,12.24,25.54,MODERATE
46.3,28.44,11.55,4.47,25.58,LOW
72.71,39.37,35.87,9.1,23.86,LOW
138.67,29.33,56.86,8.37,21.39,MODERATE
125.36,38.78,38.39,9.94,33.37,MODERATE
154.1,23.92,54.06,8.54,23.84,MODERATE
15.82,24.11,14.58,3.61,5.18,LOW
201.54,42.65,64.02,9.91,21.34,MODERATE
172.53,25.01,34.89,6.52,36.43,MODERATE
279.82,44.65,77.86,14.6,17.3,HIGH
184.35,46.59,58.72,9.52,31.31,MODERATE
109.93,32.31,49.94,8.61,30.25,LOW
79.22,32.64,39.83,6.99,22.46,MODERATE
77.33,30.15,30.72,8.77,25.13,LOW
120.48,36.43,43.65,9.31,23.58,MODERATE
103.79,33.0,26.27,6.09,20.84,LOW
75.92,53.02,44.86,9.16,19.99,MODERATE
150.05,19.9,53.54,6.29,32.52,MODERATE
190.94,26.19,42.12,7.44,22.96,MODERATE
43.91,23.55,26.63,5.27,19.37,LOW
120.44,36.14,44.08,7.71,27.3,MODERATE
136.79,30.68,38.9,12.53,26.56,MODERATE
118.62,32.49,41.87,7.54,15.05,MODERATE
155.85,30.78,42.29,8.54,20.13,MODERATE
100.83,20.93,25.95,4.46,13.81,LOW
217.98,28.21,58.05,7.48,38.0,MODERATE
208.96,35.14,62.34,9.31,21.82,MODERATE
49.51,47.81,33.32,9.09,19.94,LOW
224.4,27.69,64.93,9.02,21.0,MODERATE
51.65,44.43,33.87,10.47,19.47,MODERATE
135.85,20.14,50.08,6.87,22.9,MODERATE
84.08,33.84,25.21,5.96,31.41,LOW
49.54,20.85,31.03,8.28,24.58,LOW
23.38,27.8,25.49,5.6,15.67,LOW
159.79,48.44,64.09,10.44,17.11,MODERATE
185.95,46.08,59.19,9.5,25.05,MODERATE
155.89,43.78,39.42,9.9,19.0,MODERATE
154.45,45.98,44.55,10.78,22.86,MODERATE
152.05,23.31,33.63,5.07,38.0,MODERATE
229.41,31.44,69.55,9.37,17.97,HIGH
98.79,24.19,49.96,8.49,15.32,LOW
105.23,28.74,19.02,8.78,19.56,LOW
139.15,19.33,59.18,7.38,13.2,MODERATE
168.88,16.8,56.13,9.25,31.72,MODERATE
117.77,35.7,32.3,6.9,17.04,MODERATE
105.02,21.91,40.16,5.7,18.16,LOW
215.36,24.46,54.02,6.77,16.0,MODERATE
100.12,36.41,40.55,7.49,13.85,MODERATE
274.75,44.98,75.95,11.29,23.67,MODERATE
205.48,34.66,62.84,12.85,19.49,HIGH
191.75,22.42,49.83,6.58,13.17,MODERATE
139.8,58.29,39.57,9.72,21.77,MODERATE
101.8,38.46,41.41,7.2,26.19,MODERATE
6.0,17.34,12.3,4.88,21.35,LOW
198.21,38.28,59.8,12.31,27.6,MODERATE
18.2,23.8,22.63,4.6,34.19,LOW
112.17,45.28,37.9,8.4,28.89,MODERATE
161.39,38.97,59.75,8.87,25.3,MODERATE
157.3,32.32,48.12,8.0,28.87,MODERATE
92.19,62.1,33.56,9.11,37.36,MODERATE
262.65,29.62,67.73,9.49,15.35,MODERATE
242.44,29.94,76.66,11.12,27.8,MODERATE
294.45,33.57,74.12,10.5,18.02,HIGH
126.82,29.58,52.94,7.62,25.45,LOW
179.29,40.65,55.75,9.18,16.07,MODERATE
34.53,15.98,44.05,6.65,28.54,LOW
268.06,24.53,68.69,9.28,25.68,HIGH
76.01,39.27,41.92,7.5,33.0,LOW
275.12,53.61,79.61,14.53,22.37,HIGH
191.73,35.46,53.07,8.76,22.18,MODERATE
113.18,26.41,44.09,6.43,22.24,MODERATE
20.57,38.07,23.33,5.87,38.0,LOW
77.18,53.6,29.32,12.76,27.8,MODERATE
137.82,26.18,48.75,7.01,32.07,MODERATE
195.72,40.0,67.37,12.98,28.35,MODERATE
61.12,13.53,32.54,4.75,29.29,LOW
144.97,35.43,43.54,7.76,15.15,MODERATE
103.8,10.78,34.03,5.61,20.64,LOW
37.28,38.08,22.5,5.62,20.27,LOW
188.38,31.54,65.34,9.0,24.35,MODERATE
108.46,27.27,32.83,5.89,23.38,LOW
78.84,54.34,35.48,11.31,14.35,MODERATE
13.63,31.62,10.0,5.09,24.26,LOW
115.05,9.62,45.07,5.25,11.93,LOW
148.88,26.6,53.77,7.43,28.66,MODERATE
293.38,39.29,95.76,12.93,24.62,HIGH
98.71,30.5,44.12,6.83,31.47,MODERATE
54.87,18.56,23.86,4.19,25.28,LOW
93.05,23.5,23.2,4.73,21.23,LOW
225.78,31.23,68.78,10.03,14.54,MODERATE
27.13,26.19,18.35,4.79,21.63,LOW
265.57,46.43,76.1,11.79,19.27,HIGH
156.11,33.76,43.58,8.44,26.23,MODERATE
268.17,31.4,72.61,13.64,21.47,HIGH
88.67,33.96,20.91,7.24,27.63,LOW
81.62,57.23,24.59,8.47,32.12,MODERATE
162.62,37.25,41.28,9.1,15.52,MODERATE
96.86,32.95,43.29,11.24,23.98,MODERATE
63.32,32.08,22.31,6.03,23.71,LOW
95.45,28.83,47.02,7.44,25.89,LOW
99.98,28.86,30.46,5.44,28.12,MODERATE
208.58,38.82,77.66,13.44,33.53,HIGH
166.27,29.29,35.99,6.23,17.34,MODERATE
54.07,35.72,30.29,6.09,14.57,LOW
86.21,41.78,34.27,8.08,25.13,MODERATE
208.98,49.88,51.28,11.9,26.7,MODERATE
176.5,27.99,49.42,7.54,28.32,MODERATE
97.54,45.95,34.37,9.64,19.43,MODERATE
143.73,51.75,48.62,11.78,14.53,MODERATE
102.03,25.34,29.96,5.84,31.31,LOW
87.28,40.68,37.6,8.42,27.07,MODERATE
110.41,44.87,40.25,8.85,21.73,MODERATE
284.46,35.72,83.82,14.48,11.12,HIGH
61.37,14.48,21.6,5.12,19.99,LOW
127.26,46.51,39.72,11.72,28.17,MODERATE
113.32,26.25,51.47,7.12,26.61,MODERATE
126.58,39.41,35.6,7.35,15.73,MODERATE
64.56,30.55,18.06,4.61,27.71,LOW
130.18,54.51,38.59,9.58,23.47,MODERATE
270.41,24.33,60.28,10.36,31.6,MODERATE
61.04,35.02,41.81,7.44,19.81,LOW
56.42,37.2,25.15,5.94,20.3,LOW
105.28,37.69,35.98,6.75,24.69,MODERATE
287.13,30.39,84.11,10.66,21.49,HIGH
107.31,5.0,32.8,3.39,18.76,LOW
28.99,33.15,19.65,5.52,35.05,LOW
133.5,54.04,38.36,11.04,32.53,MODERATE
274.63,28.71,61.38,8.51,18.24,HIGH
88.75,37.48,34.93,7.95,25.32,MODERATE
73.77,42.34,39.44,8.44,14.81,MODERATE
193.67,38.88,58.24,10.45,34.21,MODERATE
121.84,22.94,49.16,6.48,28.56,MODERATE
95.12,44.96,27.16,10.47,30.02,MODERATE
163.29,21.14,44.89,7.25,22.49,MODERATE
47.06,9.18,15.0,2.59,31.05,LOW
145.38,26.92,49.92,6.88,31.06,LOW
155.84,30.52,46.74,7.04,23.01,MODERATE
67.57,28.82,27.02,7.33,17.11,LOW
89.18,44.72,39.97,9.0,26.61,MODERATE
136.92,21.18,41.34,6.14,23.24,LOW
265.41,41.65,82.03,11.33,35.12,HIGH
96.12,24.64,38.03,8.41,24.3,MODERATE
138.27,15.15,42.49,8.03,24.64,MODERATE
182.8,51.91,42.8,9.92,28.84,MODERATE
112.57,14.73,45.07,6.19,24.02,LOW
37.82,37.66,25.58,8.36,28.17,LOW
83.79,40.54,36.08,9.02,20.77,MODERATE
282.13,51.02,79.97,12.27,17.29,HIGH
122.85,35.55,37.79,6.71,18.52,MODERATE
142.45,23.52,45.13,8.16,21.98,MODERATE
151.72,38.92,44.71,7.75,24.71,MODERATE
285.64,38.14,87.84,10.87,26.99,HIGH
163.7,18.71,48.81,8.56,26.73,MODERATE
77.89,37.35,27.18,7.2,24.06,LOW
105.04,28.18,48.66,10.04,17.58,MODERATE
85.78,33.44,43.55,7.82,28.19,MODERATE
142.23,7.8,48.18,8.55,14.99,LOW
163.21,55.0,49.87,10.14,16.99,MODERATE
94.86,41.52,32.83,8.71,24.27,MODERATE
181.61,50.42,54.6,9.95,28.78,MODERATE
189.6,18.12,49.71,5.79,27.76,MODERATE
129.02,6.11,47.25,5.11,23.4,LOW
206.68,16.95,73.69,9.6,26.67,MODERATE
173.76,20.5,57.73,6.91,17.61,MODERATE
48.55,25.52,16.86,4.96,20.63,LOW
100.48,51.16,40.75,8.73,20.72,MODERATE
142.92,36.52,48.0,7.61,18.15,LOW
42.46,48.65,27.91,8.54,21.84,LOW
121.84,8.01,35.25,8.17,22.75,LOW
165.32,20.63,51.4,6.73,21.23,MODERATE
108.77,19.07,45.99,6.89,22.46,LOW
102.23,18.72,28.93,8.79,6.83,LOW
53.7,16.03,23.22,5.04,26.31,LOW
222.66,26.2,61.68,9.23,21.57,MODERATE
255.36,48.68,79.17,11.5,21.56,HIGH
134.98,44.79,53.88,9.81,15.67,MODERATE
61.19,35.11,13.14,5.25,33.31,LOW
100.49,34.67,45.09,8.03,33.59,LOW
105.53,47.15,47.65,10.95,13.99,MODERATE
184.03,13.2,64.4,7.4,22.59,MODERATE
125.31,15.87,38.33,4.75,29.57,LOW
284.3,40.02,75.71,13.6,21.85,HIGH
105.7,32.67,25.72,6.51,20.36,LOW
92.54,48.83,18.6,10.25,19.97,MODERATE
68.68,45.97,27.22,8.05,25.88,MODERATE
64.08,29.11,29.71,5.4,38.0,LOW
88.06,40.35,35.79,8.11,28.97,MODERATE
69.17,45.96,36.79,8.83,17.35,MODERATE
14.51,32.3,42.68,7.01,20.23,LOW
192.72,42.66,54.23,9.56,22.39,MODERATE
194.98,48.99,49.45,9.78,18.84,MODERATE
173.88,41.39,57.62,10.21,17.73,MODERATE
76.04,36.56,33.51,6.79,28.5,MODERATE
175.93,59.03,49.11,11.14,20.98,MODERATE
206.29,35.11,67.67,9.34,26.23,HIGH
101.28,28.44,30.79,6.19,34.69,MODERATE
133.77,42.87,43.4,7.96,20.85,MODERATE
257.86,43.67,71.16,10.12,25.65,HIGH
252.77,36.03,63.03,9.22,17.86,HIGH
200.12,51.33,45.35,9.24,26.49,MODERATE
93.63,36.06,37.35,7.38,31.8,LOW
235.68,39.67,77.8,15.1,31.49,MODERATE
193.06,47.78,65.16,11.1,24.25,MODERATE
74.61,30.37,39.64,7.42,20.89,LOW
71.94,33.05,24.43,9.52,25.42,LOW
88.88,35.23,36.27,10.23,24.31,LOW
80.61,27.56,21.34,7.7,26.77,LOW
242.09,35.95,69.61,9.32,20.19,HIGH
219.94,35.9,74.5,11.06,21.6,MODERATE
153.1,38.73,60.04,11.15,22.69,MODERATE
103.24,38.83,53.96,10.91,28.0,MODERATE
123.99,31.5,50.19,8.46,28.8,MODERATE
146.87,56.45,51.12,9.76,21.41,MODERATE
146.24,17.62,54.17,11.55,17.09,MODERATE
114.65,40.05,45.67,8.62,26.18,MODERATE
98.89,35.29,30.3,6.7,28.39,MODERATE
92.27,43.22,23.18,6.93,23.2,MODERATE
204.09,27.55,66.96,8.94,19.72,MODERATE
57.99,37.87,44.51,7.76,21.13,MODERATE
48.65,23.07,33.09,5.55,33.84,LOW
220.47,26.11,48.39,12.82,25.33,MODERATE
147.38,37.26,43.27,7.88,30.08,MODERATE
23.94,19.57,18.69,4.57,19.18,LOW
145.82,38.61,32.23,9.27,31.26,MODERATE
180.96,50.64,43.8,9.69,29.37,MODERATE
284.91,50.68,77.38,11.85,23.39,HIGH
76.27,5.0,33.87,4.32,27.65,LOW
181.11,45.95,46.96,8.53,31.76,MODERATE
261.19,40.58,61.08,9.15,17.35,MODERATE
27.98,30.91,30.7,7.32,20.85,LOW
69.66,57.63,27.27,11.69,27.14,MODERATE
96.33,5.0,34.28,5.18,24.12,LOW
147.92,28.63,43.17,6.43,26.47,MODERATE
128.36,14.71,37.07,5.21,28.13,LOW
49.77,33.48,36.37,6.26,26.99,LOW
120.26,30.36,34.42,6.86,22.48,MODERATE
55.5,9.86,28.65,3.6,22.9,LOW
105.82,45.7,38.35,10.68,33.33,MODERATE
144.64,49.58,31.23,7.62,24.52,MODERATE
160.6,39.69,52.26,8.15,32.13,MODERATE
123.83,53.95,29.89,8.69,32.55,MODERATE
73.43,24.73,36.24,5.63,19.31,LOW
132.13,22.11,34.58,6.99,28.41,LOW
73.73,6.13,35.4,7.23,17.52,LOW
16.18,56.2,15.12,6.89,33.7,LOW
230.84,43.24,60.39,9.91,25.13,HIGH
44.68,12.41,26.51,11.99,24.84,LOW
181.26,12.85,43.1,6.71,18.81,MODERATE
210.96,7.3,60.86,10.19,20.36,MODERATE
235.74,47.01,73.12,10.82,25.36,MODERATE
58.32,36.49,36.17,6.92,24.55,LOW
114.23,22.19,36.43,5.39,21.69,LOW
249.61,33.64,67.38,9.29,29.27,MODERATE
70.23,24.67,18.52,5.88,23.99,LOW
274.44,52.83,69.37,11.1,17.94,HIGH
153.75,48.17,36.34,8.84,28.32,MODERATE
123.83,23.25,45.76,6.46,17.04,MODERATE
86.92,38.13,40.86,9.73,12.46,LOW
99.62,24.56,33.28,5.13,24.58,LOW
186.34,42.08,47.53,8.39,17.82,MODERATE
118.96,60.58,43.64,10.94,25.07,MODERATE
224.01,30.72,57.34,7.81,28.9,MODERATE
105.17,17.99,43.51,6.22,29.91,LOW
272.28,40.86,90.38,12.18,26.99,HIGH
217.31,32.11,55.73,10.54,16.04,MODERATE
178.06,29.15,48.24,8.25,19.68,MODERATE
53.42,24.91,15.07,5.23,24.03,LOW
99.12,21.17,37.98,9.7,24.09,LOW
270.28,43.33,75.09,16.4,18.35,HIGH
48.52,26.38,23.51,6.11,21.23,LOW
92.67,41.24,35.52,8.07,28.86,LOW
113.69,17.64,31.66,5.7,27.02,LOW
148.74,32.33,34.42,6.71,22.15,MODERATE
93.9,32.91,29.59,12.23,30.18,MODERATE
42.62,24.82,10.0,5.11,16.04,LOW
41.58,16.49,17.07,3.53,28.93,LOW
128.7,20.69,45.79,5.82,28.11,LOW
55.66,29.31,27.72,5.22,28.48,LOW
92.65,27.17,21.19,4.76,25.78,LOW
185.16,12.42,64.13,6.77,20.08,MODERATE
170.71,32.35,51.0,8.12,27.55,MODERATE
154.35,41.54,38.56,7.6,21.51,MODERATE
93.47,29.57,32.65,7.06,25.23,LOW
132.18,45.28,39.42,8.04,19.63,MODERATE
192.87,9.72,50.49,5.32,21.93,MODERATE
55.45,31.24,33.7,6.78,23.14,LOW
20.43,10.8,10.64,5.22,26.4,LOW
8.43,47.91,18.33,7.21,27.4,LOW
223.77,53.42,53.5,10.42,34.17,HIGH
160.35,39.78,49.98,9.27,24.89,MODERATE
141.8,28.76,48.32,7.19,18.31,MODERATE
144.24,24.49,48.87,7.01,28.8,LOW
115.51,37.01,41.06,7.35,26.03,MODERATE
200.15,41.6,57.12,10.0,22.86,MODERATE
143.51,34.26,38.06,8.26,21.6,MODERATE
142.97,29.12,38.03,7.63,20.29,MODERATE
223.42,54.51,66.54,11.22,20.09,MODERATE
154.57,43.29,38.91,9.71,16.68,MODERATE
93.52,12.65,23.65,3.6,29.79,LOW
124.9,31.39,53.92,7.7,26.61,MODERATE
16.48,34.75,16.55,5.45,24.56,LOW
56.07,37.71,32.42,7.73,20.28,MODERATE
102.46,50.66,44.53,8.86,30.54,MODERATE
263.38,49.44,73.35,12.38,15.48,HIGH
81.21,29.17,29.85,8.29,23.21,LOW
133.18,40.26,41.42,7.86,29.89,MODERATE
124.76,38.99,55.31,9.22,12.04,MODERATE
22.83,23.16,15.55,3.95,25.06,LOW
224.8,30.8,65.87,9.02,20.04,MODERATE
46.44,30.87,30.64,5.57,24.73,LOW
167.3,30.43,53.81,11.96,21.75,MODERATE
178.6,41.88,62.97,10.03,27.56,MODERATE
164.31,45.96,48.05,10.77,31.4,MODERATE
245.27,41.3,74.35,10.31,38.0,MODERATE
247.09,45.96,55.0,11.51,23.32,HIGH
115.9,49.84,51.27,12.04,28.43,HIGH
126.42,12.78,51.8,7.31,26.05,LOW
282.76,22.6,74.77,11.74,26.5,MODERATE
15.43,15.25,21.91,3.55,32.85,LOW
234.06,5.0,73.62,7.36,19.89,MODERATE
125.11,26.46,34.22,6.84,21.85,LOW
289.45,42.22,77.52,11.78,22.95,HIGH
286.7,55.23,67.63,13.89,18.09,HIGH
155.39,54.03,58.29,10.43,23.99,MODERATE
200.98,45.29,65.8,10.08,27.95,MODERATE
171.3,58.25,50.44,10.3,28.97,MODERATE
31.17,32.29,18.68,8.06,22.9,LOW
175.05,7.17,52.32,9.15,30.85,MODERATE
114.75,29.11,33.07,6.82,11.56,MODERATE
112.58,29.33,38.38,7.05,37.95,LOW
144.96,7.05,38.59,5.19,27.4,LOW
293.57,64.49,86.77,14.83,21.42,HIGH
123.13,52.22,51.18,9.6,26.77,MODERATE
155.44,29.82,56.76,9.26,23.08,MODERATE
104.54,38.21,28.44,7.0,11.46,MODERATE
74.76,7.45,29.78,4.22,24.28,LOW
203.45,59.4,64.44,11.14,29.47,HIGH
117.54,22.09,47.01,8.14,29.78,LOW
41.31,54.16,10.0,8.92,25.51,LOW
146.48,45.07,53.15,10.21,29.75,MODERATE
128.16,14.91,33.25,6.22,26.61,LOW
129.16,8.05,42.18,5.29,25.34,LOW
151.97,31.12,58.49,9.24,19.87,MODERATE
60.5,23.32,37.29,6.07,21.92,LOW
77.73,25.43,42.71,8.31,22.46,LOW
139.28,39.9,37.11,7.91,25.71,MODERATE
131.26,38.06,37.32,8.5,28.82,MODERATE
146.68,38.26,42.77,8.7,20.31,MODERATE
155.42,21.51,48.02,7.81,15.65,MODERATE
277.91,39.25,77.87,12.46,32.64,HIGH
139.0,40.94,55.8,9.64,18.19,MODERATE
141.43,16.61,38.69,7.27,26.94,MODERATE
115.01,14.81,35.27,5.33,25.52,LOW
173.32,26.53,64.52,12.52,21.93,MODERATE
149.09,20.26,38.53,7.2,27.64,LOW
69.4,31.35,36.08,6.3,16.75,LOW
165.07,13.39,50.61,8.04,33.78,MODERATE
21.06,25.5,22.74,5.57,38.0,LOW
192.83,35.54,50.93,13.87,31.39,MODERATE
236.15,41.85,72.61,11.9,19.14,MODERATE
175.75,37.54,48.43,7.76,10.05,MODERATE
281.16,34.71,65.5,9.46,26.86,HIGH
55.49,34.0,31.05,6.98,16.24,LOW
268.04,43.68,53.94,11.42,21.52,HIGH
169.9,34.35,47.83,9.22,33.14,MODERATE
167.85,45.16,54.26,9.55,33.74,MODERATE
167.01,23.92,57.81,8.61,34.39,MODERATE
57.48,34.59,37.46,7.75,24.59,MODERATE
173.74,30.26,67.44,8.62,29.38,MODERATE
288.14,45.52,90.16,12.17,12.05,HIGH
131.02,35.15,45.36,7.77,15.01,MODERATE
53.44,25.2,35.76,5.71,22.27,LOW
178.26,47.78,55.63,9.47,29.05,MODERATE
142.38,26.98,51.81,6.93,21.44,MODERATE
60.4,30.93,23.49,8.07,28.82,LOW
128.08,33.99,46.87,7.66,17.08,MODERATE
122.33,52.15,38.13,8.78,24.61,MODERATE
149.17,27.29,46.43,6.79,27.3,MODERATE
66.88,42.75,33.44,7.92,28.54,LOW
81.65,27.67,49.69,7.83,21.29,LOW
158.34,25.43,52.99,7.13,24.17,MODERATE
115.52,18.16,40.32,6.45,14.76,LOW
291.88,37.86,72.56,11.52,23.37,HIGH
93.84,14.69,42.82,5.6,30.49,LOW
46.4,20.73,22.52,5.2,22.42,LOW
244.43,37.35,71.77,10.52,19.51,HIGH
116.04,38.78,46.14,7.9,28.69,MODERATE
298.77,38.48,90.84,13.08,37.71,HIGH
90.04,8.49,41.55,6.6,37.04,LOW
171.25,31.53,42.89,8.15,25.57,MODERATE
107.25,19.23,24.86,4.5,28.62,LOW
136.36,16.09,50.61,9.58,33.83,LOW
187.2,14.72,56.87,6.93,25.45,MODERATE
106.82,37.31,41.63,7.53,26.77,LOW
58.91,56.34,41.72,9.76,22.06,MODERATE
30.31,22.75,16.74,5.38,38.0,LOW
172.53,22.2,63.29,10.09,28.31,MODERATE
59.88,25.26,23.32,5.05,22.4,LOW
112.51,32.46,52.28,7.82,20.55,LOW
68.28,38.19,36.03,8.18,12.86,MODERATE
154.51,25.55,36.94,9.32,14.52,MODERATE
11.83,21.13,14.27,3.56,19.64,LOW
110.3,6.54,54.59,7.46,29.57,LOW
162.56,26.2,65.08,8.8,25.96,MODERATE
88.04,33.5,39.2,8.9,16.47,LOW
108.74,48.91,41.76,9.29,18.44,MODERATE
110.56,26.59,41.24,6.67,25.69,LOW
157.48,46.81,53.14,10.72,34.04,MODERATE
225.06,27.89,63.39,11.32,17.39,MODERATE
185.0,28.13,65.39,8.62,26.75,MODERATE
68.1,41.08,34.61,7.8,21.33,MODERATE
48.14,16.81,17.87,3.5,21.5,LOW
149.12,65.0,53.05,11.05,16.96,MODERATE
207.59,24.14,61.99,9.63,27.76,MODERATE
125.8,24.08,40.18,5.96,21.08,MODERATE
232.03,20.59,81.24,10.92,21.89,MODERATE
206.27,39.88,61.21,9.73,29.91,MODERATE
23.53,11.6,10.0,9.92,30.22,LOW
114.8,23.34,38.33,5.73,19.62,LOW
110.48,5.0,47.25,4.43,25.78,LOW
147.51,39.44,40.04,7.26,29.44,MODERATE
20.84,37.1,27.26,8.6,22.9,LOW
114.94,33.26,32.31,6.77,28.02,MODERATE
107.03,41.53,49.24,8.1,22.09,MODERATE
129.67,48.19,38.95,11.05,21.92,MODERATE
167.96,56.04,49.14,12.68,18.41,MODERATE
287.91,45.62,74.93,13.02,34.27,HIGH
77.2,5.0,36.76,3.87,21.09,LOW
25.08,34.11,35.27,6.93,19.19,LOW
55.69,32.47,27.37,7.49,17.73,LOW
104.41,32.88,37.88,7.33,24.51,LOW
86.72,23.72,29.49,4.98,17.9,LOW
128.56,22.12,30.26,5.05,19.72,MODERATE
126.77,30.89,39.1,11.61,28.79,MODERATE
122.12,28.91,31.79,5.68,26.69,MODERATE
143.61,42.83,31.5,8.75,15.93,MODERATE
50.43,10.25,25.48,4.04,28.35,LOW
121.29,27.02,37.34,7.76,24.2,MODERATE
228.11,33.2,76.2,11.04,30.82,MODERATE
173.19,31.79,46.26,7.75,32.51,MODERATE
94.38,42.69,41.13,8.21,14.35,MODERATE
147.75,24.15,52.71,8.74,28.59,MODERATE
143.75,43.31,57.32,9.5,33.81,MODERATE
60.61,15.26,26.86,6.0,25.26,LOW
146.52,42.5,57.79,10.58,28.13,MODERATE
187.44,13.54,60.72,7.51,25.35,MODERATE
41.3,40.52,33.2,7.4,29.88,LOW
69.98,41.59,49.55,8.47,26.3,LOW
143.45,30.83,45.57,8.59,11.87,MODERATE
70.58,39.24,31.89,6.62,23.27,MODERATE
152.91,23.74,45.75,11.32,22.89,MODERATE
191.57,41.98,69.48,15.53,28.28,HIGH
82.35,14.34,53.95,5.96,31.06,MODERATE
223.64,34.57,70.08,9.23,22.63,MODERATE
81.1,26.71,19.96,5.07,16.65,LOW
118.26,21.95,33.95,9.88,25.84,LOW
72.69,48.69,40.27,8.86,19.34,MODERATE
43.95,27.83,15.52,4.7,20.36,LOW
148.38,38.43,42.84,9.09,38.0,MODERATE
116.13,38.57,35.46,6.99,19.93,MODERATE
143.41,43.1,45.93,8.66,14.61,MODERATE
197.46,36.79,60.5,9.04,27.62,MODERATE
65.21,38.13,14.23,6.33,28.24,LOW
61.55,21.5,16.32,3.72,29.27,LOW
35.01,27.37,10.67,4.78,29.04,LOW
146.03,15.3,36.05,7.34,24.87,LOW
136.51,47.54,45.16,9.45,24.94,MODERATE
89.48,13.69,36.24,5.99,29.64,LOW
194.68,32.71,65.94,8.66,33.65,MODERATE
113.11,27.39,44.32,7.18,16.44,LOW
189.19,34.96,51.96,7.8,20.35,MODERATE
114.62,26.92,42.05,7.43,27.77,LOW
18.88,34.64,27.59,6.17,25.53,LOW
170.62,21.56,50.72,6.72,13.26,MODERATE
33.37,32.19,19.86,4.93,20.56,LOW
153.69,26.02,41.25,6.46,25.82,MODERATE
298.96,42.3,74.33,11.24,24.08,HIGH
157.82,45.25,55.21,10.26,21.85,MODERATE
85.07,42.35,33.68,7.03,38.0,LOW
85.02,40.65,49.37,9.6,23.85,MODERATE
7.03,47.99,11.13,6.7,25.39,LOW
121.85,18.29,47.9,6.82,24.8,MODERATE
287.53,44.97,81.35,13.69,25.27,HIGH
69.45,29.85,29.56,5.98,24.23,LOW
167.48,43.81,48.36,8.54,11.51,MODERATE
52.95,37.62,31.45,7.48,18.06,LOW
124.84,42.16,46.81,12.31,22.11,MODERATE
17.49,30.37,20.46,5.77,28.88,LOW
117.78,37.49,44.32,9.97,22.2,MODERATE
208.92,44.56,61.25,11.48,19.01,HIGH
126.74,18.67,29.75,5.34,29.67,LOW
95.15,13.16,36.61,5.81,32.11,LOW
157.09,13.37,47.41,5.91,14.8,LOW
194.86,49.38,73.44,11.95,24.58,HIGH
149.18,23.31,52.89,7.62,7.98,MODERATE
71.93,44.09,32.44,8.86,22.13,LOW
32.12,36.07,25.77,6.46,35.31,LOW
113.49,36.68,31.78,6.37,24.55,LOW
18.73,32.4,14.24,6.71,15.71,LOW
30.82,21.99,19.1,5.46,15.86,LOW
245.56,56.24,72.13,15.89,18.4,HIGH
163.53,37.65,47.5,8.4,19.97,MODERATE
86.61,23.01,30.04,4.83,12.64,LOW
157.6,19.38,41.13,5.42,25.98,LOW
91.79,46.98,35.39,9.76,27.26,MODERATE
33.87,28.89,23.78,4.9,21.9,LOW
128.09,48.26,46.61,12.13,36.27,MODERATE
55.79,35.84,21.71,5.82,21.42,LOW
219.31,52.5,66.21,13.98,31.22,MODERATE
138.54,15.93,37.16,6.79,15.67,MODERATE
39.42,15.07,21.92,6.34,25.8,LOW
95.14,40.54,38.34,7.48,26.7,LOW
139.75,61.29,43.68,10.98,19.74,MODERATE
57.92,47.92,15.25,6.16,25.0,LOW
217.03,52.72,51.21,9.71,19.68,MODERATE
212.95,39.02,63.62,9.55,22.13,MODERATE
71.57,29.63,35.38,7.82,22.3,LOW
150.02,40.05,50.72,8.1,15.57,MODERATE
181.27,47.47,59.71,13.03,27.14,MODERATE
38.3,23.43,21.18,4.15,27.55,LOW
134.32,41.17,50.46,8.86,21.76,MODERATE
134.54,30.01,47.29,6.91,25.45,MODERATE
122.87,8.7,36.92,6.02,18.48,LOW
93.41,26.16,39.66,6.02,16.49,LOW
128.44,31.02,45.63,9.99,21.6,MODERATE
70.82,37.82,43.96,8.43,28.15,MODERATE
107.37,30.58,49.66,11.48,23.55,MODERATE
48.27,35.42,24.88,6.05,21.37,LOW
70.16,30.09,27.09,6.09,26.01,LOW
55.96,16.4,39.79,6.6,18.5,LOW
155.84,23.55,53.7,9.33,16.64,MODERATE
123.09,27.35,40.69,6.81,21.88,LOW
78.82,44.32,16.43,9.09,18.9,LOW
242.19,36.32,62.24,8.8,16.86,MODERATE
66.15,17.99,22.95,5.48,29.42,LOW
105.84,21.08,37.11,5.72,37.22,LOW
177.91,42.15,59.09,9.1,14.67,MODERATE
195.75,33.09,64.24,9.18,21.5,MODERATE
26.86,20.96,32.91,7.91,25.05,LOW
120.8,17.27,49.03,11.56,13.68,MODERATE
152.45,56.31,38.14,9.43,22.66,MODERATE
130.55,24.23,51.96,9.84,23.1,MODERATE
44.77,32.68,38.72,7.43,26.88,LOW
65.39,20.09,42.86,7.33,19.36,LOW
136.34,27.59,35.29,5.65,20.61,MODERATE
132.11,38.35,42.54,8.46,29.83,MODERATE
135.77,25.09,52.56,6.82,26.52,MODERATE
73.7,12.96,21.95,3.52,28.37,LOW
224.16,51.28,50.52,10.42,13.48,MODERATE
183.99,32.1,57.99,10.32,19.99,MODERATE
231.66,26.73,60.56,8.75,33.1,MODERATE
80.05,33.43,19.56,9.04,23.5,LOW
167.01,27.92,61.58,10.21,23.25,MODERATE
185.17,40.01,57.05,8.82,23.51,MODERATE
272.0,40.33,70.67,10.43,33.42,HIGH
16.18,24.13,10.85,4.94,19.52,LOW
104.87,32.48,39.47,10.59,28.03,MODERATE
113.99,53.47,44.2,15.48,25.58,MODERATE
168.24,35.94,54.62,10.12,15.8,MODERATE
87.97,38.71,22.2,6.93,22.21,MODERATE
47.41,23.27,29.25,6.79,19.0,LOW
133.84,9.55,50.0,5.43,16.36,LOW
99.85,57.01,34.22,8.94,31.18,MODERATE
147.8,12.58,55.83,7.32,16.68,MODERATE
173.64,17.75,46.39,8.57,28.5,MODERATE
100.13,37.58,47.35,12.8,18.83,MODERATE
83.66,31.18,34.46,6.5,32.14,LOW
182.12,52.01,51.1,11.68,21.48,HIGH
176.31,23.71,51.24,9.33,26.01,MODERATE
159.16,22.63,58.01,8.37,20.6,MODERATE
47.58,32.34,27.37,6.06,11.0,LOW
58.49,51.29,33.03,9.22,13.99,LOW
120.23,5.0,50.05,5.82,12.61,LOW
99.64,5.0,32.71,4.52,25.52,LOW
94.93,35.49,36.9,7.95,23.83,LOW
185.45,21.72,54.0,9.31,27.57,MODERATE
60.71,29.93,36.49,6.19,19.92,LOW
277.7,30.71,73.03,9.6,10.97,HIGH
64.55,36.7,29.58,7.36,31.81,LOW
81.81,29.24,51.36,7.53,29.94,MODERATE
88.92,51.4,44.84,14.46,26.24,MODERATE
99.23,48.61,28.55,7.6,30.67,MODERATE
86.26,47.7,41.19,9.02,23.39,MODERATE
245.97,40.98,74.62,13.22,25.59,HIGH
204.96,45.93,51.29,8.82,19.78,MODERATE
89.81,33.22,33.88,8.61,17.58,LOW
58.36,29.11,20.26,5.8,14.54,LOW
115.1,32.47,21.18,4.99,19.48,MODERATE
246.36,44.77,68.03,13.42,38.0,HIGH
171.84,20.7,48.76,6.03,14.88,MODERATE
165.45,61.22,42.59,10.62,18.37,MODERATE
192.51,9.85,57.28,5.64,24.68,MODERATE
85.53,28.42,16.85,4.3,38.0,LOW
231.3,54.59,66.22,14.03,17.7,HIGH
258.12,57.13,71.91,13.64,20.23,HIGH
127.07,39.22,48.39,8.12,28.03,MODERATE
80.82,39.68,19.96,7.02,27.69,MODERATE
91.8,28.14,52.31,9.37,19.83,MODERATE
127.64,26.64,57.13,10.54,19.0,MODERATE
165.07,19.61,45.13,6.52,26.69,MODERATE
143.12,39.1,58.16,11.98,22.18,MODERATE
102.76,16.34,44.46,6.25,25.72,LOW
68.31,18.36,26.51,5.71,22.98,LOW
49.99,23.52,21.14,9.84,26.11,LOW
279.49,41.05,72.24,10.29,26.73,HIGH
109.28,39.17,61.65,9.13,12.31,MODERATE
108.89,33.14,49.84,7.93,21.22,MODERATE
80.64,30.88,31.12,5.85,26.0,LOW
84.65,18.84,32.69,5.0,28.86,LOW
100.74,28.99,43.94,8.45,22.01,MODERATE
254.44,40.61,77.41,11.23,12.93,MODERATE
243.13,50.85,60.83,10.66,31.49,MODERATE
128.62,35.52,45.68,7.9,29.13,MODERATE
185.85,40.97,51.47,8.54,24.63,MODERATE
149.75,7.18,49.16,5.54,21.21,LOW
81.13,35.53,32.47,7.62,27.6,LOW
57.25,41.9,35.74,7.27,21.27,MODERATE
138.66,39.46,43.36,12.82,29.26,MODERATE
131.39,15.09,44.85,5.98,34.78,MODERATE
143.22,29.61,31.48,9.91,21.07,MODERATE
78.05,33.7,34.76,6.37,28.68,LOW
225.97,26.21,58.48,9.49,20.07,MODERATE
119.51,40.06,29.15,7.78,30.16,MODERATE
89.47,41.2,43.72,10.19,22.52,MODERATE
91.28,34.66,34.75,7.62,32.69,LOW
121.51,34.8,25.12,10.43,22.33,MODERATE
178.29,36.32,47.95,8.95,18.61,MODERATE
45.71,24.53,25.1,6.76,21.99,LOW
99.05,29.1,37.07,9.03,22.66,MODERATE
128.88,42.29,39.36,9.26,25.42,MODERATE
115.4,26.73,13.46,4.86,22.03,LOW
187.57,41.28,51.85,8.75,25.47,MODERATE
130.94,33.64,52.38,10.45,25.58,MODERATE
93.05,27.65,46.69,7.48,21.44,MODERATE
228.5,44.59,60.41,10.75,25.97,MODERATE
123.82,14.54,57.31,6.16,20.48,LOW
191.28,45.44,44.15,9.11,36.0,MODERATE
78.67,38.08,25.83,7.67,25.79,LOW
295.0,29.37,87.03,11.22,27.67,HIGH
81.45,37.46,38.79,7.74,22.83,MODERATE
118.39,46.2,40.97,8.28,19.68,MODERATE
144.62,33.16,37.86,6.9,29.02,MODERATE
139.61,54.12,36.74,10.16,25.98,MODERATE
121.8,57.7,35.99,9.03,8.32,MODERATE
124.66,5.84,33.8,4.75,35.55,LOW
76.63,45.92,32.9,8.56,28.43,MODERATE
190.62,32.84,56.2,13.06,21.71,MODERATE
96.7,27.56,26.98,5.01,27.63,LOW
98.47,43.42,33.82,7.22,26.53,MODERATE
162.84,32.99,29.63,6.73,26.97,MODERATE
161.26,19.22,53.19,7.3,18.78,MODERATE
168.97,54.11,57.91,10.11,24.43,MODERATE
287.79,36.87,71.02,11.99,25.81,HIGH
15.35,52.58,12.09,7.25,31.39,LOW
47.38,36.44,27.49,6.48,24.62,LOW
82.4,43.53,33.98,7.65,26.59,MODERATE
154.4,47.52,55.15,12.13,18.54,MODERATE
43.24,37.2,18.3,5.51,24.4,LOW
35.51,33.95,17.53,5.06,29.2,LOW
135.08,38.25,42.95,7.62,19.89,MODERATE
32.88,31.51,13.7,5.72,21.67,LOW
193.37,51.65,55.6,12.11,18.22,MODERATE
83.38,18.05,24.95,4.4,15.87,LOW
157.25,40.59,52.94,8.58,18.84,MODERATE
205.13,15.36,52.65,6.1,27.37,MODERATE
157.87,35.51,51.75,9.14,22.52,MODERATE
147.74,25.03,59.16,7.66,18.86,MODERATE
135.96,21.87,48.34,9.2,37.07,MODERATE
180.29,14.6,56.07,6.11,19.79,MODERATE
91.54,25.85,24.23,4.57,27.75,LOW
178.84,19.83,65.46,7.36,26.0,MODERATE
49.13,32.04,34.74,8.79,25.49,MODERATE
170.26,40.35,51.21,9.71,13.01,MODERATE
90.16,29.97,31.76,10.28,31.62,LOW
187.75,23.11,49.79,6.91,25.92,MODERATE
65.67,25.64,43.76,6.42,29.51,LOW
24.49,42.96,26.66,7.67,30.83,LOW
158.45,39.76,43.79,8.64,34.28,MODERATE
125.52,34.49,51.41,8.9,18.01,MODERATE
47.71,33.2,36.21,6.86,19.69,LOW
147.86,31.65,47.36,6.96,20.51,MODERATE
90.0,36.64,32.05,6.28,18.8,LOW
220.04,35.45,55.46,9.62,31.93,MODERATE
62.34,35.95,34.37,7.46,17.98,LOW
153.55,33.93,45.36,9.6,21.72,MODERATE
153.66,45.4,45.06,8.68,14.21,MODERATE
131.28,44.92,43.79,10.53,28.39,MODERATE
91.67,25.6,28.62,5.68,23.23,MODERATE
155.89,37.18,61.52,8.79,29.3,MODERATE
224.01,36.44,72.03,15.13,28.21,HIGH
225.04,44.34,65.12,10.72,14.15,MODERATE
79.71,50.66,25.73,8.61,25.11,MODERATE
131.17,6.58,37.48,5.32,17.46,LOW
272.65,52.54,68.25,11.39,24.85,HIGH
70.18,50.51,20.59,8.76,20.48,MODERATE
128.95,38.87,45.95,10.63,35.0,MODERATE
78.42,31.49,27.11,6.05,38.0,LOW
149.89,22.65,42.38,7.26,22.53,MODERATE
82.29,30.29,26.59,7.28,24.59,LOW
84.55,15.99,41.63,5.25,10.29,LOW
147.29,7.01,41.34,4.61,14.13,LOW
134.01,27.39,54.63,7.28,26.32,MODERATE
217.69,58.92,60.59,12.12,23.81,MODERATE
137.13,45.04,35.21,9.74,26.53,MODERATE
85.32,8.35,37.52,5.25,19.21,LOW
246.46,37.64,76.32,10.17,25.82,MODERATE
279.66,29.89,69.66,9.75,8.82,MODERATE
172.92,42.54,53.55,11.24,20.34,MODERATE
96.96,22.31,38.88,5.88,26.8,LOW
216.77,53.51,63.45,13.11,34.18,MODERATE
225.88,37.47,61.03,10.93,23.3,MODERATE
132.03,18.19,51.1,5.94,27.54,MODERATE
82.59,44.03,31.16,7.31,19.98,LOW
40.73,40.4,19.12,6.74,26.66,LOW
123.93,25.46,28.14,6.69,21.04,LOW
46.16,28.89,11.11,6.96,35.73,LOW
82.81,34.45,34.94,7.78,22.03,MODERATE
175.36,13.73,52.96,6.33,22.98,MODERATE
300.0,15.31,88.1,8.88,28.64,MODERATE
202.7,37.69,68.64,11.4,27.01,MODERATE
124.75,34.23,40.48,7.01,21.81,MODERATE
141.25,16.62,53.66,7.74,26.46,MODERATE
25.16,58.47,16.04,7.43,17.67,LOW
56.63,41.69,26.26,6.41,25.36,LOW
67.07,24.53,28.33,5.15,27.3,LOW
128.45,45.32,55.89,9.51,21.46,MODERATE
47.51,32.41,15.22,6.02,21.78,LOW
174.25,21.99,53.81,6.77,20.22,MODERATE
90.76,46.6,29.4,11.01,15.38,MODERATE
116.82,21.17,38.31,6.39,26.49,MODERATE
141.66,19.39,43.43,6.43,21.15,MODERATE
43.68,37.58,25.19,6.63,27.34,LOW
85.71,34.22,44.63,8.25,22.91,MODERATE
98.27,46.83,51.83,8.86,27.69,MODERATE
151.65,34.78,53.62,14.69,13.72,MODERATE
153.63,35.52,40.97,8.05,17.12,MODERATE
147.47,39.62,46.05,7.7,18.95,MODERATE
159.77,21.51,52.23,7.67,31.18,MODERATE
223.13,35.74,60.83,9.3,26.42,MODERATE
185.89,29.72,53.68,7.3,22.42,MODERATE
131.59,26.69,43.38,10.01,21.13,MODERATE
22.69,41.32,26.17,6.24,27.58,MODERATE
281.57,28.54,81.19,10.64,20.47,HIGH
134.93,32.67,39.8,11.35,28.41,MODERATE
33.76,35.91,27.17,6.17,22.71,LOW
103.19,39.28,51.5,8.49,31.76,MODERATE
299.75,46.15,68.84,10.12,18.33,HIGH
104.22,18.74,34.43,4.73,23.23,LOW
114.05,32.26,35.98,6.17,18.49,MODERATE
153.3,45.54,49.37,11.1,33.77,MODERATE
75.61,31.85,17.04,7.27,24.13,LOW
201.17,44.52,70.15,12.01,17.96,MODERATE
76.74,28.73,32.26,6.11,18.59,LOW
129.99,22.66,45.98,8.53,27.08,MODERATE
151.61,48.16,49.81,9.97,13.09,MODERATE
206.31,20.06,56.26,7.05,22.93,MODERATE
31.43,17.31,27.5,4.79,18.89,LOW
170.25,34.71,52.5,7.77,23.04,MODERATE
139.28,43.23,28.97,10.99,24.61,MODERATE
99.68,39.27,36.06,8.26,23.41,LOW
113.56,21.94,37.76,7.19,22.4,LOW
149.05,29.48,53.37,8.91,24.99,MODERATE
184.49,39.76,77.2,11.81,34.5,HIGH
203.04,10.16,62.69,6.06,31.64,MODERATE
79.97,24.15,49.55,7.5,21.97,LOW
173.13,33.91,47.6,9.79,28.35,MODERATE
79.81,27.04,27.58,4.98,28.06,LOW
82.97,40.52,31.28,11.25,21.73,MODERATE
221.91,49.46,67.22,11.15,23.81,HIGH
187.51,30.86,51.13,7.69,27.23,MODERATE
39.76,20.34,10.85,4.04,19.62,LOW
66.25,48.73,29.76,9.68,22.56,MODERATE
170.75,27.35,43.42,7.17,22.81,MODERATE
15.12,39.91,27.25,7.72,22.38,LOW
103.0,37.77,42.81,8.24,22.15,MODERATE
138.5,43.53,39.39,9.0,26.65,MODERATE
34.74,20.94,26.29,4.42,24.16,LOW
101.06,29.6,32.85,5.65,27.84,MODERATE
55.25,18.88,26.74,4.25,38.0,LOW
66.61,40.54,29.32,6.9,20.79,LOW
73.41,24.94,28.47,5.21,25.31,LOW
86.13,12.6,40.6,5.94,27.05,LOW
65.08,38.49,20.36,6.39,30.55,LOW
53.88,20.8,31.15,4.63,26.61,LOW
102.69,24.84,40.03,5.74,17.44,MODERATE
285.67,39.8,66.61,9.45,20.03,HIGH
157.24,20.77,43.24,6.19,24.88,MODERATE
157.63,26.48,40.93,5.93,19.85,LOW
280.18,45.0,73.71,11.42,15.14,HIGH
104.17,30.51,38.31,6.79,19.16,LOW
130.48,24.77,36.28,6.6,19.19,LOW
35.73,27.18,30.61,7.08,17.94,LOW
269.44,32.13,82.74,10.27,38.0,HIGH
101.6,38.26,47.23,7.86,25.89,MODERATE
91.74,35.8,13.44,5.14,24.69,LOW
83.96,40.34,49.06,7.96,29.52,MODERATE
62.17,47.93,30.01,7.38,34.79,LOW
104.69,8.95,38.41,6.05,26.32,LOW
65.1,33.07,28.51,5.97,30.11,LOW
17.12,36.46,10.0,12.2,20.99,LOW
208.74,65.0,63.8,11.88,18.56,HIGH
80.32,40.44,45.57,10.02,29.46,MODERATE
84.87,47.76,34.9,9.4,29.34,MODERATE
119.19,38.4,32.3,7.01,28.78,MODERATE
210.18,32.13,49.04,7.74,24.75,MODERATE
73.78,5.46,28.88,4.1,19.32,LOW
42.68,12.45,18.44,5.59,21.12,LOW
95.99,31.64,41.74,7.24,30.93,MODERATE
70.57,27.77,41.49,6.19,20.45,LOW
115.92,31.23,44.26,7.37,25.12,LOW
115.14,36.09,39.65,7.13,19.37,LOW
99.71,23.42,35.88,9.41,22.85,LOW
110.58,23.32,39.9,7.32,17.52,LOW
153.57,47.7,39.51,8.01,23.55,MODERATE
220.77,24.75,68.39,8.47,21.13,MODERATE
119.87,33.68,32.72,6.06,13.76,MODERATE
74.06,29.42,40.22,8.82,27.93,LOW
78.06,23.1,29.27,8.2,27.66,LOW
121.44,25.34,48.36,6.58,24.34,MODERATE
60.65,21.91,16.56,4.39,17.26,LOW
299.24,52.05,87.42,16.23,17.34,HIGH
122.99,15.12,52.96,5.98,37.98,LOW
192.34,29.67,47.06,7.25,8.27,MODERATE
40.44,21.2,22.99,4.5,17.46,LOW
201.34,24.36,61.97,7.44,36.9,MODERATE
299.41,36.44,83.94,10.41,38.0,HIGH
118.55,34.4,38.37,11.09,34.19,LOW
66.41,19.63,25.48,5.27,27.19,LOW
153.96,53.86,50.9,10.01,20.18,MODERATE
21.42,23.88,22.53,4.9,13.9,LOW
37.88,36.63,18.31,7.01,26.44,LOW
77.03,39.48,25.35,6.66,19.42,LOW
82.32,64.67,42.8,10.28,32.71,MODERATE
94.25,30.38,36.6,6.13,12.88,LOW
182.54,45.8,36.99,9.5,25.2,MODERATE
242.68,44.09,78.13,10.96,29.57,HIGH
246.66,51.75,64.49,10.44,30.08,HIGH
82.62,39.8,33.71,7.51,29.0,LOW
29.3,27.9,24.45,4.81,26.04,LOW
119.96,19.8,29.52,9.37,24.77,LOW
95.47,27.59,33.69,6.94,29.45,LOW
80.56,40.96,43.26,7.81,26.04,LOW
132.58,25.07,52.88,7.02,26.24,MODERATE
123.44,19.37,39.83,6.39,24.21,LOW
96.74,39.39,42.01,7.96,21.69,LOW
54.27,34.13,33.72,8.34,15.9,LOW
211.53,56.32,67.91,12.25,16.94,MODERATE
172.75,32.75,43.84,7.63,21.7,MODERATE
54.24,32.75,40.06,11.42,23.28,MODERATE
91.17,43.58,31.35,7.61,18.19,MODERATE
120.3,38.78,42.34,8.03,17.75,MODERATE
95.15,50.05,33.12,9.3,21.81,MODERATE
110.64,58.62,41.18,11.64,29.41,MODERATE
157.2,38.05,42.67,8.69,11.28,MODERATE
98.77,44.68,34.93,9.06,18.37,MODERATE
85.09,49.5,35.18,8.46,24.97,MODERATE
43.02,28.48,34.26,6.57,31.72,LOW
66.07,14.75,38.37,4.87,36.96,LOW
127.81,36.97,52.36,9.6,21.95,MODERATE
150.9,35.27,55.15,8.31,21.86,MODERATE
64.12,17.95,43.88,5.31,23.17,LOW
192.38,44.21,55.0,12.89,25.36,MODERATE
223.49,35.63,62.91,9.14,23.73,MODERATE
58.75,35.09,26.33,5.94,24.7,LOW
82.04,36.49,32.56,6.72,15.98,LOW
99.53,39.58,25.41,6.59,14.03,MODERATE
144.18,24.07,48.84,7.28,28.29,MODERATE
125.19,65.0,46.51,10.33,22.84,MODERATE
152.93,35.23,46.58,7.33,29.0,MODERATE
84.46,14.53,19.52,3.53,25.34,LOW
172.9,41.32,53.21,8.91,15.4,MODERATE
43.57,28.0,14.23,4.13,33.32,LOW
178.28,43.69,57.64,9.76,24.19,MODERATE
37.78,34.25,24.27,5.87,19.52,LOW
80.3,26.66,34.41,5.46,20.79,LOW
15.68,24.43,10.0,6.5,16.73,LOW
142.03,45.68,56.34,12.33,26.0,MODERATE
164.2,40.85,52.49,8.64,23.33,MODERATE
123.74,38.3,34.91,6.89,36.11,MODERATE
155.45,26.66,53.84,8.16,27.12,MODERATE
255.91,7.81,72.08,8.04,35.75,MODERATE
116.86,17.05,55.4,10.88,18.23,MODERATE
90.87,31.39,30.57,6.3,22.02,LOW
91.39,22.48,25.13,5.7,29.34,LOW
91.34,24.4,37.41,8.59,27.53,MODERATE
4.34,39.22,24.05,6.74,23.91,LOW
115.35,27.97,58.96,7.71,17.54,MODERATE
255.01,45.22,98.0,13.07,10.93,HIGH
134.85,21.65,32.25,4.97,22.68,LOW
134.8,32.38,43.57,6.75,22.94,MODERATE
232.89,35.56,56.28,10.15,24.77,MODERATE
22.11,36.35,17.88,5.47,15.33,LOW
81.81,33.62,52.82,7.59,18.72,MODERATE
98.93,19.45,30.21,7.45,26.35,LOW
147.19,33.67,47.21,8.02,27.51,MODERATE
66.14,19.11,24.9,4.31,25.21,LOW
102.89,44.43,29.61,7.27,21.92,MODERATE
182.38,51.1,69.47,11.08,16.88,MODERATE
104.79,23.52,25.74,4.74,29.72,LOW
119.4,39.23,40.61,9.93,28.36,MODERATE
31.71,19.41,22.68,4.04,20.56,LOW
289.81,20.33,78.49,9.55,29.0,MODERATE
61.55,30.21,26.02,5.22,23.59,LOW
176.22,55.28,66.68,15.34,19.91,MODERATE
152.52,24.07,31.66,6.33,29.56,MODERATE
121.65,50.01,45.26,12.12,24.6,MODERATE
239.77,39.66,71.6,10.45,21.43,MODERATE
233.8,30.49,68.73,11.04,16.31,HIGH
193.6,41.47,50.94,11.11,16.86,MODERATE
156.38,16.31,59.04,8.18,29.08,MODERATE
130.4,21.76,52.93,6.56,26.72,MODERATE
210.76,29.51,54.44,7.33,16.98,MODERATE
23.21,13.53,10.52,2.47,16.87,LOW
65.79,43.53,18.34,6.01,36.62,MODERATE
149.9,19.33,49.78,7.85,26.79,MODERATE
121.1,26.98,42.02,7.28,31.26,MODERATE
124.53,59.21,39.51,10.2,32.95,MODERATE
251.0,49.42,86.87,12.33,18.43,HIGH
123.49,26.88,38.48,6.02,34.46,LOW
16.01,17.45,20.02,3.69,17.53,LOW
47.62,7.76,23.92,3.46,28.38,LOW
114.03,21.32,55.79,8.62,23.3,MODERATE
180.84,30.02,38.87,6.55,28.34,MODERATE
77.34,34.62,29.53,7.62,22.74,LOW
88.1,38.46,39.3,8.0,27.29,MODERATE
196.01,31.13,56.34,10.87,32.17,MODERATE
72.43,31.53,20.5,5.19,30.72,LOW
195.95,31.81,59.52,8.84,23.63,HIGH
98.51,19.9,23.7,4.04,18.28,LOW
133.66,15.34,49.77,6.13,22.21,LOW
65.9,31.13,26.19,6.27,26.67,LOW
143.64,41.9,41.95,9.52,27.91,MODERATE
113.39,24.32,48.31,6.63,30.42,LOW
162.15,34.17,42.65,7.2,19.61,MODERATE
61.86,33.78,16.27,6.18,18.41,LOW
199.06,35.98,51.51,8.44,17.88,MODERATE
193.42,33.55,73.93,10.26,22.82,MODERATE
198.88,42.52,50.72,11.02,25.29,MODERATE
86.51,28.64,36.96,6.86,26.22,LOW
88.67,19.16,41.25,6.8,15.51,MODERATE
256.83,52.47,63.99,11.97,18.28,HIGH
76.48,39.78,24.32,8.37,19.78,LOW
122.51,45.67,43.39,9.56,34.55,MODERATE
81.95,46.59,34.83,7.55,21.71,MODERATE
39.36,32.9,34.44,6.67,15.14,LOW
141.31,38.78,39.93,13.88,26.29,MODERATE
188.09,43.62,53.36,8.96,23.35,MODERATE
116.02,45.0,63.23,10.88,16.95,MODERATE
167.83,48.59,37.58,10.64,21.16,MODERATE
183.34,35.27,39.35,8.0,21.95,MODERATE
159.31,41.37,38.98,7.95,23.26,MODERATE
114.04,38.95,48.9,7.93,29.58,MODERATE
144.13,21.43,43.2,6.27,27.36,MODERATE
194.73,35.24,54.33,8.17,24.75,MODERATE
136.92,19.92,37.4,9.85,29.92,LOW
130.0,23.97,50.95,8.36,21.54,MODERATE
129.41,24.36,32.53,7.11,19.65,LOW
71.4,30.18,26.06,5.96,25.85,LOW
78.16,29.75,24.79,5.13,25.39,LOW
121.98,29.3,20.46,5.03,15.14,LOW
186.28,23.04,52.15,6.93,32.96,MODERATE
55.5,27.87,26.74,5.93,17.89,LOW
103.91,25.53,31.66,6.01,27.18,LOW
106.38,41.77,36.26,7.93,27.32,MODERATE
185.05,36.53,53.77,8.98,5.48,MODERATE
27.62,45.11,20.01,12.63,25.36,MODERATE
58.36,20.57,19.41,4.14,33.82,LOW
160.89,27.17,41.5,7.47,19.74,MODERATE
114.06,20.31,40.47,5.68,12.61,MODERATE
224.51,36.27,52.58,8.78,23.3,MODERATE
142.69,29.35,44.68,6.84,26.8,MODERATE
129.03,28.82,56.47,8.62,23.48,MODERATE
207.83,37.44,60.41,9.04,18.3,MODERATE
262.18,61.31,58.07,10.83,17.82,HIGH
46.81,33.38,26.74,8.01,14.27,LOW
59.57,17.68,34.65,4.75,12.75,LOW
143.2,22.5,40.14,6.15,21.94,LOW
191.31,47.29,54.7,10.08,26.54,MODERATE
170.54,54.86,45.5,9.98,24.95,MODERATE
79.16,30.52,28.72,7.29,25.51,LOW
132.54,46.18,38.83,9.09,27.79,MODERATE
163.04,17.63,54.35,6.64,31.85,MODERATE
80.74,16.48,46.03,5.41,24.17,LOW
19.95,36.12,19.85,7.39,26.07,LOW
194.6,32.96,45.48,7.59,26.11,MODERATE
132.03,21.01,64.28,10.55,24.88,MODERATE
165.4,42.79,56.05,9.52,24.12,MODERATE
70.29,16.19,36.76,6.46,24.6,LOW
152.62,9.74,48.07,9.03,33.37,LOW
265.84,40.54,75.35,11.66,32.59,HIGH
155.92,24.71,46.57,7.0,13.76,MODERATE
164.05,29.1,58.32,8.83,25.31,MODERATE
138.22,44.42,41.59,8.95,24.04,MODERATE
151.03,25.44,52.14,8.03,31.56,MODERATE
96.8,12.43,44.05,5.0,23.79,LOW
109.94,17.54,49.15,7.48,25.51,LOW
166.81,33.41,59.95,8.37,20.1,MODERATE
135.84,51.96,36.7,8.15,28.88,MODERATE
91.39,20.82,47.69,7.37,16.54,LOW
205.03,5.91,65.42,6.01,22.17,MODERATE
244.91,41.98,71.32,12.11,17.67,HIGH
135.21,34.64,48.11,10.33,22.19,MODERATE
22.88,30.25,18.77,8.87,20.71,LOW
169.24,30.03,48.5,8.52,29.02,MODERATE
14.63,26.36,15.27,4.84,22.69,LOW
86.82,40.56,44.4,8.26,32.95,LOW
86.05,30.86,34.58,6.87,22.55,LOW
125.49,50.7,44.86,8.98,17.5,MODERATE
167.56,44.17,52.34,9.25,22.54,MODERATE
152.04,22.24,43.11,7.57,26.86,MODERATE
167.33,30.76,34.64,6.22,34.12,MODERATE
120.01,39.56,47.55,8.22,20.13,MODERATE
106.96,39.48,43.83,9.53,33.95,LOW
128.7,18.39,43.22,5.59,22.86,MODERATE
154.73,42.16,40.32,7.87,21.33,MODERATE
122.48,27.57,56.51,7.3,28.65,LOW
100.14,23.52,34.3,7.01,32.54,LOW
197.04,35.67,60.33,9.84,27.34,MODERATE
101.82,10.27,31.78,5.35,15.51,LOW
97.5,13.29,25.65,3.74,26.0,LOW
49.64,39.1,30.64,8.11,37.05,LOW
167.54,19.54,39.85,6.5,10.33,MODERATE
85.78,32.18,35.7,6.76,26.24,LOW
184.15,30.96,57.37,8.55,22.29,MODERATE
165.66,38.16,42.49,8.47,18.38,MODERATE
40.84,21.14,13.61,4.22,30.2,LOW
141.22,33.67,39.9,8.1,13.57,MODERATE
91.51,32.31,30.11,5.94,21.9,LOW
164.12,33.2,38.87,7.6,30.01,MODERATE
121.85,31.0,32.81,6.62,29.32,LOW
112.62,5.0,40.38,4.66,27.58,LOW
185.94,38.68,71.82,10.56,25.04,MODERATE
99.61,50.62,44.98,11.86,23.26,MODERATE
112.09,21.0,40.94,7.94,21.18,LOW
127.62,33.83,52.1,9.04,18.17,MODERATE
5.88,31.96,25.54,7.13,28.88,LOW
111.45,19.39,37.08,4.97,25.27,LOW
217.19,32.56,64.84,10.49,29.06,MODERATE
92.96,25.01,43.28,6.96,19.31,LOW
168.93,35.53,61.08,9.01,19.18,MODERATE
146.35,26.64,56.19,7.39,26.98,MODERATE
181.55,45.79,46.73,8.43,10.34,MODERATE
118.77,28.99,50.53,7.01,8.83,MODERATE
84.99,20.67,48.56,6.22,30.08,LOW
9.72,29.31,29.09,5.3,19.76,LOW
153.04,19.17,39.99,7.09,25.16,MODERATE
29.49,18.7,10.79,3.16,26.28,LOW
193.16,25.28,61.22,8.12,30.21,MODERATE
133.75,31.89,56.22,10.28,21.36,MODERATE
158.1,50.81,51.59,9.39,21.69,MODERATE
193.41,45.04,55.67,11.67,20.31,MODERATE
88.43,25.67,33.73,6.8,27.73,MODERATE
161.84,25.86,58.77,7.92,27.99,MODERATE
192.53,15.71,54.78,6.14,31.67,MODERATE
56.49,33.83,31.28,6.03,16.52,LOW
229.34,31.82,64.41,8.95,37.4,MODERATE
132.69,39.35,37.09,7.13,22.13,MODERATE
90.14,36.32,27.1,6.27,23.71,LOW
97.04,42.2,40.55,7.55,24.98,MODERATE
149.49,32.97,26.25,6.75,18.54,MODERATE
107.22,50.43,42.42,8.67,21.53,MODERATE
231.6,39.61,64.59,11.25,32.76,MODERATE
106.47,28.64,45.99,6.91,32.86,LOW
91.82,39.3,40.01,9.53,25.23,LOW
222.35,54.99,64.27,10.96,30.26,HIGH
93.33,24.3,26.99,6.51,26.47,LOW
74.17,25.77,23.21,5.04,23.66,LOW
118.37,33.21,35.88,7.5,19.48,LOW
173.66,53.05,60.15,10.18,18.83,MODERATE
109.06,30.5,53.14,8.33,19.45,MODERATE
21.57,33.68,22.38,5.4,33.69,LOW
31.45,27.99,17.2,5.17,29.24,LOW
69.05,41.32,26.31,6.47,32.65,MODERATE
263.77,47.24,69.52,11.15,26.4,HIGH
212.94,36.32,70.17,9.42,18.72,MODERATE
135.01,24.52,41.03,6.11,27.62,LOW
16.81,35.53,18.35,6.38,31.62,LOW
30.06,37.94,32.37,12.02,27.84,LOW
103.04,37.52,33.13,7.3,16.1,MODERATE
82.32,17.93,37.57,6.54,15.15,LOW
144.12,34.89,53.91,8.96,27.82,MODERATE
158.35,44.22,50.34,9.48,22.12,MODERATE
8.51,44.58,32.51,7.16,25.87,LOW
134.31,31.83,57.87,8.05,19.66,LOW
146.44,18.94,49.32,9.06,24.76,LOW
134.69,14.62,38.2,5.31,17.4,MODERATE
156.18,51.43,43.31,10.04,25.48,MODERATE
184.99,15.77,57.4,7.3,28.37,MODERATE
178.99,29.46,45.66,7.31,28.7,MODERATE
59.73,43.99,30.29,7.56,16.16,MODERATE
163.57,44.26,64.49,10.8,26.81,MODERATE
237.58,39.61,67.77,9.61,20.47,MODERATE
218.44,33.07,62.9,9.07,33.16,HIGH
155.19,30.3,55.97,8.4,29.74,MODERATE
126.5,39.05,47.03,13.98,24.16,MODERATE
122.66,21.57,32.8,5.43,37.09,MODERATE
232.26,39.68,62.46,10.52,19.63,MODERATE
24.78,17.77,35.6,4.85,23.66,LOW
110.23,5.0,41.85,3.95,27.25,LOW
49.8,32.28,17.9,7.74,36.21,LOW
100.26,34.03,35.52,8.21,32.78,MODERATE
160.16,41.44,35.97,7.59,28.81,MODERATE
98.17,29.05,21.74,5.7,18.74,LOW
67.24,31.27,37.65,6.36,18.73,LOW
107.7,26.0,38.66,7.54,28.17,LOW
228.27,42.29,69.37,9.89,16.49,MODERATE
90.92,65.0,44.26,12.16,25.92,MODERATE
76.1,40.77,34.46,8.02,28.83,MODERATE
212.1,43.64,67.53,10.26,15.13,MODERATE
143.07,42.61,48.53,11.12,27.89,MODERATE
90.89,52.52,45.29,15.29,29.38,MODERATE
62.13,26.25,42.86,6.49,21.82,LOW
112.0,42.76,41.24,10.04,23.06,MODERATE
91.7,31.72,36.43,8.17,13.27,MODERATE
154.2,24.12,51.49,8.59,23.34,MODERATE
135.85,23.51,44.04,10.6,14.85,LOW
101.97,32.33,34.23,6.97,19.86,MODERATE
188.17,32.24,64.78,10.09,21.59,MODERATE
82.19,26.87,29.89,7.68,17.06,LOW
100.44,53.82,33.44,9.04,16.52,MODERATE
66.97,46.26,36.92,8.56,16.81,MODERATE
181.88,35.04,62.81,9.1,31.32,MODERATE
119.35,54.88,59.92,12.56,23.58,MODERATE
101.88,22.39,47.17,7.75,31.6,LOW
35.03,10.28,29.32,4.27,21.57,LOW
80.2,30.14,40.41,7.06,21.7,LOW
155.98,29.37,48.13,6.9,21.46,MODERATE
60.74,29.05,32.86,5.54,6.11,LOW
241.22,35.4,72.94,10.5,27.04,HIGH
284.0,36.34,73.14,10.3,23.36,HIGH
275.86,55.83,75.3,13.99,24.31,HIGH
101.45,29.81,44.94,7.75,11.45,MODERATE
202.2,45.23,59.34,13.41,23.83,MODERATE
247.74,30.07,74.4,9.29,21.37,MODERATE
77.32,32.11,39.19,13.28,24.75,MODERATE
275.8,26.47,82.48,9.78,23.54,MODERATE
191.37,28.49,70.95,10.07,21.09,MODERATE
286.96,53.1,73.48,12.23,27.38,HIGH
114.13,33.46,53.25,8.27,30.15,MODERATE
67.55,41.32,33.65,7.05,21.55,MODERATE
191.12,30.11,63.72,8.33,15.31,MODERATE
104.31,26.49,43.52,8.0,15.7,LOW
72.11,50.09,36.03,8.6,26.54,MODERATE
145.36,43.13,41.88,12.54,31.77,MODERATE
289.88,54.33,85.15,12.84,13.12,HIGH
117.88,31.93,29.42,11.71,17.89,MODERATE
211.33,20.69,78.25,8.67,22.0,MODERATE
34.12,30.93,25.56,5.3,11.76,LOW
29.91,39.18,30.86,6.95,23.42,LOW
174.95,42.34,58.94,12.2,26.18,MODERATE
205.86,28.46,60.58,8.8,26.88,MODERATE
255.54,40.57,66.89,9.63,21.6,MODERATE
98.01,33.36,30.72,6.13,21.86,MODERATE
89.61,52.25,40.95,9.06,17.87,MODERATE
24.7,14.24,26.25,4.86,13.37,LOW
185.03,15.14,60.17,6.93,22.87,MODERATE
121.21,28.44,40.72,8.16,26.45,LOW
151.82,28.64,51.71,8.44,24.1,MODERATE
70.91,16.42,27.22,6.92,30.65,LOW
97.56,35.69,31.02,7.09,26.07,MODERATE
80.8,17.28,30.56,4.78,27.96,LOW
80.27,50.56,30.79,15.91,25.01,MODERATE
140.56,36.66,57.64,8.94,35.15,MODERATE
175.82,35.67,42.76,7.83,21.06,MODERATE
220.42,38.11,63.23,11.35,28.07,MODERATE
117.5,17.67,45.91,5.58,25.49,MODERATE
165.49,17.03,67.29,7.82,28.43,MODERATE
210.26,39.6,56.4,8.61,26.0,MODERATE
287.88,43.12,69.41,10.09,23.75,HIGH
90.25,39.02,40.64,7.16,26.27,LOW
115.37,42.65,41.7,7.62,27.02,MODERATE
48.42,28.34,23.89,5.46,27.8,LOW
235.69,17.67,70.35,9.88,32.78,MODERATE
125.07,10.46,49.41,6.33,25.16,LOW
261.59,55.28,78.45,13.31,17.42,HIGH
109.33,55.34,41.47,9.95,24.99,MODERATE
184.48,40.71,66.12,11.93,21.33,MODERATE
17.36,31.1,20.4,7.93,21.17,LOW
57.04,30.57,27.89,8.13,22.07,LOW
80.6,50.62,38.44,10.65,18.58,MODERATE
136.24,39.23,34.89,7.02,9.6,MODERATE
124.15,32.64,47.24,8.39,32.85,MODERATE
125.61,37.8,40.21,8.31,21.07,MODERATE
79.42,34.75,21.83,6.35,13.71,LOW
74.25,24.55,34.74,6.22,25.07,LOW
76.14,22.15,28.08,4.6,27.69,LOW
101.98,41.75,24.52,6.3,22.93,LOW
89.33,44.99,27.68,10.2,16.27,MODERATE
167.12,33.38,65.28,10.05,15.51,MODERATE
79.34,21.43,28.0,4.84,37.69,LOW
142.26,21.15,48.88,6.52,15.54,LOW
136.41,37.36,36.34,8.06,14.23,MODERATE
217.06,54.62,79.56,12.61,22.15,HIGH
50.01,38.62,26.56,6.86,28.93,LOW
127.22,53.87,37.52,8.48,33.95,MODERATE
262.04,50.36,79.73,11.64,22.72,HIGH
47.89,46.38,41.94,8.74,22.64,MODERATE
209.17,45.02,57.75,10.93,16.3,MODERATE
209.57,11.98,55.47,5.71,30.53,MODERATE
123.98,28.63,60.64,8.33,23.58,LOW
270.32,41.39,73.49,11.8,23.78,HIGH
107.89,38.7,36.84,9.17,26.6,MODERATE
180.49,17.94,37.55,5.11,25.81,MODERATE
142.5,33.82,46.08,9.04,23.16,MODERATE
209.39,17.6,50.22,10.44,31.93,MODERATE
45.01,33.72,20.42,8.57,14.38,LOW
40.92,22.04,10.0,5.34,25.27,LOW
133.81,30.11,54.32,9.23,26.44,MODERATE
249.42,29.55,58.14,8.01,21.53,MODERATE
220.63,32.93,48.01,8.64,27.7,MODERATE
14.95,34.21,11.02,5.85,27.98,LOW
220.15,35.73,73.41,10.23,30.66,MODERATE
160.55,53.08,46.76,10.07,23.33,MODERATE
201.65,49.78,56.87,11.3,22.7,MODERATE
203.34,22.15,63.56,11.86,27.24,MODERATE
138.63,42.06,44.29,8.27,22.82,MODERATE
201.32,14.24,69.19,7.38,14.87,MODERATE
122.9,18.67,40.12,6.46,29.17,LOW
81.73,35.35,31.2,6.24,12.99,LOW
278.86,51.89,94.46,14.06,26.41,HIGH
68.56,40.97,30.52,6.68,38.0,LOW
89.63,28.44,36.56,6.78,27.2,LOW
275.87,48.33,74.01,12.21,19.84,HIGH
155.41,42.01,29.76,6.69,21.29,MODERATE
79.04,36.52,39.37,7.15,26.22,MODERATE
228.72,44.41,78.6,11.34,23.87,MODERATE
242.77,23.78,78.45,9.34,28.54,MODERATE
71.49,26.79,26.26,6.47,32.7,LOW
129.17,8.56,42.03,5.35,31.89,LOW
106.68,13.5,41.26,5.37,17.07,LOW
97.43,40.4,38.95,8.05,24.1,MODERATE
83.97,43.52,38.92,7.49,26.96,MODERATE
113.5,34.08,41.59,8.94,33.1,MODERATE
37.69,28.98,20.4,4.59,26.16,LOW
241.86,25.45,69.31,10.74,19.9,MODERATE
46.7,53.03,33.26,9.13,26.61,MODERATE
111.49,41.98,62.86,10.35,34.92,MODERATE
233.02,37.21,62.27,10.53,22.49,HIGH
12.51,34.18,19.56,7.93,19.79,LOW
64.77,33.97,26.34,9.79,23.81,LOW
72.17,25.44,33.34,6.39,20.09,LOW
70.09,49.26,38.23,8.23,28.96,MODERATE
114.49,39.86,38.52,10.23,20.14,MODERATE
173.32,21.68,36.76,5.17,31.76,MODERATE
161.94,41.71,58.85,11.35,26.97,MODERATE
97.64,34.34,37.52,8.15,28.18,MODERATE
130.42,37.8,40.96,10.58,28.14,LOW
72.32,32.14,26.39,8.74,29.11,LOW
207.55,27.53,63.15,7.89,22.14,MODERATE
104.72,27.74,32.47,6.78,18.13,LOW
192.73,57.67,52.77,10.19,21.14,MODERATE
57.03,48.47,17.56,6.37,29.56,MODERATE
93.2,27.79,30.04,6.07,13.4,LOW
144.59,44.86,51.86,8.79,12.0,MODERATE
120.37,19.35,30.43,6.32,25.35,LOW
31.59,34.17,31.17,11.12,29.07,LOW
122.59,43.16,32.54,8.18,29.88,MODERATE
100.89,53.7,38.39,8.84,18.3,MODERATE
176.15,30.54,57.63,10.44,16.92,MODERATE
27.59,23.99,27.67,7.49,19.88,LOW
110.74,35.43,45.96,9.2,21.64,MODERATE
297.75,57.24,79.83,13.54,21.99,HIGH
149.5,18.45,46.52,8.6,24.73,MODERATE
79.3,33.18,37.22,6.56,32.43,LOW
154.08,55.84,51.12,13.7,23.64,MODERATE
108.99,27.4,36.21,10.05,29.63,MODERATE
51.56,36.46,29.31,9.07,27.93,LOW
196.66,43.02,56.93,9.29,19.74,MODERATE
229.59,50.21,60.71,12.81,27.86,MODERATE
40.97,23.4,20.99,5.05,27.45,LOW
102.65,25.45,41.47,7.22,24.0,LOW
172.23,45.05,45.47,10.9,25.04,MODERATE
80.11,14.9,41.47,4.85,23.65,LOW
113.56,14.89,35.52,5.01,17.45,LOW
150.43,47.68,30.02,9.71,38.0,MODERATE
69.78,29.41,34.77,8.25,30.33,LOW
115.16,26.44,18.72,6.97,27.16,LOW
254.61,62.92,62.92,11.6,21.57,HIGH
121.35,44.89,61.08,11.21,23.45,MODERATE
171.83,44.28,61.28,9.57,16.97,MODERATE
102.38,40.37,45.34,9.97,26.82,MODERATE
203.2,55.1,50.75,9.99,26.02,MODERATE
156.29,31.98,47.89,9.04,22.76,MODERATE
37.33,23.83,33.14,5.94,24.18,LOW
69.55,27.98,35.42,12.06,22.21,MODERATE
105.63,28.78,47.32,7.96,21.04,MODERATE
192.43,43.11,71.59,11.54,19.34,MODERATE
283.9,35.04,82.74,10.81,17.88,HIGH
131.47,28.26,34.08,7.54,19.79,MODERATE
128.14,34.35,47.98,8.3,20.25,MODERATE
120.49,21.46,39.62,5.34,30.54,LOW
150.67,37.5,37.82,8.18,20.29,MODERATE
114.96,33.06,47.45,9.76,11.8,MODERATE
95.96,31.49,45.73,7.21,25.75,MODERATE
59.88,5.61,27.42,3.13,27.74,LOW
126.01,43.64,45.29,9.39,29.81,MODERATE
167.37,53.89,35.24,10.76,25.0,MODERATE
102.14,37.0,46.46,7.85,17.16,LOW
215.04,29.18,68.65,12.45,19.21,MODERATE
97.69,25.0,38.49,9.51,27.6,LOW
99.39,50.34,26.85,7.52,32.75,MODERATE
129.88,20.44,30.42,4.94,17.14,LOW
284.51,24.47,93.8,11.76,25.27,HIGH
35.16,16.03,14.74,7.33,20.67,LOW
81.05,17.93,33.9,6.36,19.06,LOW
50.11,13.81,18.27,3.73,24.21,LOW
148.44,27.86,29.35,5.41,23.2,LOW
173.78,39.32,56.81,9.4,11.85,MODERATE
36.66,48.19,27.9,8.45,25.21,LOW
77.15,51.06,18.62,7.2,25.97,MODERATE
249.06,53.75,78.66,12.74,28.48,HIGH
70.32,24.35,26.26,4.74,20.56,LOW
88.47,28.96,25.8,5.86,14.47,LOW
113.22,8.97,30.72,3.5,21.47,LOW
140.54,39.38,52.89,8.24,28.24,MODERATE
182.71,19.24,39.81,8.03,23.54,MODERATE
75.3,46.69,21.63,6.74,29.1,LOW
43.96,38.78,28.13,7.41,16.19,LOW
161.64,35.5,52.95,8.03,28.87,MODERATE
150.39,30.01,39.91,6.65,25.49,LOW
199.98,42.0,69.29,10.42,21.87,MODERATE
280.83,36.8,67.88,9.34,30.42,HIGH
61.65,25.68,26.89,4.79,25.44,LOW
105.01,39.16,35.38,9.89,18.09,MODERATE
148.65,44.0,45.01,8.02,29.89,MODERATE
167.23,23.44,50.23,6.46,22.55,MODERATE
50.74,20.24,24.36,6.43,24.22,LOW
148.26,31.41,45.72,7.3,18.82,MODERATE
98.09,39.15,35.12,8.65,23.69,MODERATE
267.14,38.04,82.45,10.64,18.32,HIGH
76.72,19.47,30.02,4.75,22.97,LOW
100.52,29.36,42.65,7.62,24.18,MODERATE
94.94,22.58,37.08,11.94,27.63,LOW
169.83,38.78,55.29,8.42,15.56,MODERATE
132.56,41.64,50.39,8.96,30.02,MODERATE
72.94,44.99,21.92,6.32,30.21,LOW
239.86,49.28,72.79,11.08,22.87,MODERATE
154.03,31.85,47.19,10.53,24.77,MODERATE
256.44,37.11,63.73,8.96,25.84,HIGH
139.9,28.77,51.98,9.95,24.5,MODERATE
276.13,46.04,72.35,10.69,27.62,HIGH
165.3,37.09,54.39,11.03,21.68,MODERATE
80.67,28.41,11.05,4.88,19.44,LOW
151.61,28.23,54.16,10.31,26.57,MODERATE
93.7,28.58,56.33,7.61,14.84,MODERATE
219.64,34.67,63.26,10.68,27.71,MODERATE
172.4,44.07,50.82,10.19,28.34,MODERATE
110.79,18.33,35.68,5.86,19.31,LOW
159.53,21.47,54.54,9.01,32.53,MODERATE
138.66,45.48,43.07,9.56,21.89,MODERATE
280.16,48.37,81.82,14.53,21.38,HIGH
106.02,27.58,52.1,7.65,20.08,MODERATE
158.55,32.52,56.61,9.12,26.69,MODERATE
208.99,47.99,59.58,12.63,21.65,HIGH
110.66,65.0,30.42,9.3,15.38,MODERATE
98.66,34.35,33.44,7.11,26.05,LOW
187.3,44.32,54.92,13.68,22.25,MODERATE
71.63,24.18,20.21,5.0,30.52,LOW
88.1,45.59,43.08,8.44,25.85,MODERATE
91.89,15.34,39.77,5.36,25.6,LOW
100.87,22.02,28.8,7.75,30.09,LOW
28.15,10.41,10.0,6.49,24.96,LOW
113.8,41.33,45.78,12.29,28.69,MODERATE
121.36,32.56,28.55,7.34,20.1,MODERATE
141.92,30.66,46.89,7.89,33.88,MODERATE
55.94,46.82,24.03,6.91,25.65,LOW
110.41,45.47,45.69,8.4,16.79,MODERATE
9.43,24.82,23.57,4.46,24.83,LOW
186.13,32.11,49.38,7.19,25.12,MODERATE
127.94,41.14,50.25,11.29,24.75,MODERATE
217.84,42.19,60.61,11.55,10.2,HIGH
161.14,42.53,50.6,9.56,20.71,MODERATE
15.78,32.07,18.79,14.71,15.7,LOW
176.16,25.34,71.74,12.86,15.79,MODERATE
12.49,27.65,16.79,5.7,25.0,LOW
162.7,45.75,37.42,8.51,20.63,MODERATE
77.69,32.41,26.37,5.6,21.82,LOW
262.3,41.02,78.61,11.48,18.63,HIGH
44.02,28.92,22.41,4.94,32.28,LOW
108.24,16.86,38.93,5.56,24.24,LOW
209.38,32.79,57.61,12.18,14.86,MODERATE
90.88,23.64,12.46,3.99,27.86,LOW
60.73,23.28,22.14,4.35,21.94,LOW
53.12,27.17,26.07,6.11,31.16,LOW
52.96,22.45,12.49,4.63,23.95,LOW
149.02,27.41,38.35,6.13,19.82,MODERATE
135.92,41.93,42.18,7.9,20.75,MODERATE
144.88,30.8,44.22,13.46,21.59,MODERATE
133.25,43.74,47.47,8.59,26.94,MODERATE
157.38,37.85,47.41,10.31,19.29,MODERATE
87.06,33.06,37.01,7.22,31.46,MODERATE
11.21,30.61,11.87,4.87,26.21,LOW
226.09,33.7,66.43,9.21,25.35,MODERATE
178.97,43.13,66.14,11.83,24.44,MODERATE
27.92,36.28,23.45,8.69,23.88,LOW
20.52,16.92,17.63,3.56,16.38,LOW
108.25,52.46,31.27,7.9,25.76,MODERATE
49.46,44.81,26.58,6.83,35.55,LOW
93.1,24.97,33.74,7.56,28.15,LOW
84.82,35.87,38.16,7.5,26.63,LOW
96.3,31.7,21.61,5.11,14.79,LOW
223.63,30.05,62.69,8.64,30.52,MODERATE
80.51,24.31,36.07,6.4,28.82,LOW
246.22,50.96,70.2,13.58,31.0,HIGH
276.25,32.28,73.12,10.62,18.58,MODERATE
103.25,27.82,34.94,5.87,21.6,MODERATE
146.18,40.85,38.37,7.41,15.09,MODERATE
126.1,6.91,45.77,5.15,14.58,LOW
49.37,30.89,29.26,5.55,20.54,LOW
18.64,36.0,10.0,6.51,26.81,LOW
122.67,37.8,48.11,8.4,21.5,MODERATE
247.39,35.2,64.19,9.28,19.99,MODERATE
139.67,27.21,42.72,7.21,26.04,LOW
118.16,43.36,55.83,10.65,5.0,MODERATE
161.38,35.1,63.32,9.84,20.75,MODERATE
107.33,29.55,27.04,7.55,26.03,LOW
144.63,19.06,36.59,6.32,21.58,MODERATE
198.07,22.88,50.17,8.63,31.8,MODERATE
258.47,53.05,84.55,13.86,20.03,HIGH
72.55,37.25,26.1,6.14,20.45,LOW
17.25,19.38,10.0,2.82,18.08,LOW
85.14,42.58,43.59,11.25,19.45,MODERATE
161.05,33.54,55.18,12.14,25.66,MODERATE
83.74,17.92,51.43,7.85,28.85,MODERATE
51.82,38.37,31.14,8.26,36.93,LOW
125.05,14.66,42.26,5.32,27.46,LOW
49.87,22.81,27.99,5.69,16.93,LOW
300.0,29.03,77.38,16.38,31.45,HIGH
12.39,14.73,28.17,6.63,26.92,LOW
78.51,5.26,43.14,4.52,24.17,LOW
234.25,37.05,53.87,8.55,30.4,MODERATE
274.18,55.24,82.86,13.14,38.0,HIGH
149.07,37.66,39.23,7.68,22.87,MODERATE
116.61,35.66,59.96,9.06,19.0,MODERATE
62.93,39.01,40.98,8.66,31.96,LOW
241.29,23.32,58.98,7.07,38.0,MODERATE
128.69,25.76,45.22,8.36,24.87,MODERATE
123.57,41.1,50.13,10.14,24.19,MODERATE
73.3,32.18,26.14,7.97,25.03,LOW
62.98,47.65,17.93,8.96,26.7,LOW
176.67,23.57,54.68,7.98,15.55,MODERATE
180.09,24.08,53.34,8.95,25.84,LOW
192.95,63.97,50.13,11.42,25.64,HIGH
115.4,51.7,50.28,13.73,25.3,MODERATE
171.08,27.89,42.33,6.49,25.0,MODERATE
43.96,26.76,23.81,8.29,24.58,LOW
142.73,35.19,47.85,7.8,11.39,MODERATE
75.49,27.84,34.08,5.67,19.67,LOW
152.01,33.27,57.49,8.79,29.14,MODERATE
125.06,48.22,40.59,9.5,30.54,MODERATE
81.0,35.65,11.99,4.92,21.46,LOW
173.51,50.52,50.08,10.28,18.26,MODERATE
183.19,47.5,61.11,12.11,28.3,MODERATE
296.23,46.05,79.02,11.37,25.64,HIGH
247.38,50.12,68.33,11.78,23.27,HIGH
269.56,44.34,78.51,11.34,29.17,HIGH
161.23,40.18,55.73,9.61,16.93,MODERATE
94.18,21.87,21.43,5.55,30.97,LOW
68.9,43.15,30.01,7.36,14.99,MODERATE
65.21,27.7,27.78,12.79,19.05,LOW
160.03,21.03,50.81,7.41,17.75,MODERATE
58.26,24.33,12.06,6.01,20.51,LOW
66.61,21.06,40.24,7.26,25.84,LOW
130.6,7.78,43.79,7.15,28.07,LOW
228.37,39.75,68.64,9.75,23.51,MODERATE
282.34,32.66,91.24,10.94,16.33,HIGH
152.84,12.89,52.1,6.46,12.0,MODERATE
188.2,33.41,44.09,9.74,29.08,MODERATE
150.56,25.63,47.43,6.69,28.34,MODERATE
139.52,39.01,51.09,13.3,30.43,MODERATE
111.61,29.94,40.01,6.4,23.21,MODERATE
151.89,32.11,62.07,8.47,28.01,MODERATE
286.34,26.14,71.15,8.58,20.16,MODERATE
87.12,39.4,44.13,8.79,26.88,MODERATE
154.5,29.88,55.7,11.19,21.12,MODERATE
203.58,50.35,60.5,10.32,19.11,MODERATE
39.01,24.26,26.23,5.73,25.39,LOW
174.42,28.52,45.55,6.79,25.08,MODERATE
115.33,29.05,37.92,7.43,29.47,MODERATE
32.52,22.25,26.77,4.56,16.29,LOW
269.82,52.64,73.17,12.13,29.56,HIGH
154.02,49.76,49.37,10.52,24.78,MODERATE
132.58,26.85,52.11,8.15,30.41,MODERATE
150.45,19.96,32.84,4.85,30.35,LOW
87.08,22.53,37.11,5.49,9.4,LOW
236.73,42.29,81.29,12.4,30.29,HIGH
126.89,41.7,39.9,9.84,30.56,MODERATE
39.73,27.62,13.79,7.45,16.45,LOW
160.58,24.37,47.21,8.73,14.63,MODERATE
68.55,17.66,17.95,8.67,28.65,LOW
252.31,51.17,72.31,11.69,24.68,HIGH
275.64,36.62,75.05,10.27,20.15,HIGH
24.54,29.15,22.95,4.79,32.63,LOW
78.41,40.26,31.2,7.42,25.82,MODERATE
47.23,13.68,26.96,5.1,11.48,LOW
100.34,21.9,40.68,7.98,17.89,LOW
83.27,20.09,23.74,4.38,30.25,LOW
168.91,21.16,54.93,7.59,24.21,MODERATE
122.42,21.59,53.52,8.07,19.68,MODERATE
119.54,38.46,33.61,7.74,26.71,MODERATE
147.87,32.77,50.0,7.76,20.35,MODERATE
139.42,34.6,56.03,10.33,16.52,MODERATE
247.2,39.47,60.14,9.04,30.1,MODERATE
146.4,49.95,53.59,12.81,31.01,MODERATE
140.22,55.78,44.07,13.68,26.89,MODERATE
204.64,50.79,68.11,11.21,14.79,MODERATE
123.69,25.6,35.62,6.12,35.1,MODERATE
69.85,43.78,30.29,8.84,34.9,MODERATE
67.07,51.12,17.61,7.43,31.64,LOW
157.92,30.29,53.24,7.33,25.82,MODERATE
121.1,24.54,45.23,9.86,24.55,MODERATE
119.18,14.42,45.55,5.93,26.62,LOW
118.46,43.78,44.99,8.32,17.15,MODERATE
106.2,26.75,37.63,6.9,20.73,MODERATE
175.68,28.73,41.83,6.59,20.48,MODERATE
40.42,25.63,31.83,5.45,27.64,LOW
71.38,19.07,30.4,5.52,25.48,LOW
231.66,28.11,69.11,9.08,18.25,HIGH
69.53,27.85,28.81,6.37,14.44,LOW
249.29,33.81,85.51,18.85,26.13,HIGH
100.15,31.36,32.49,8.67,17.62,LOW
104.36,28.7,33.11,5.53,16.47,MODERATE
79.52,21.64,20.0,3.84,36.58,LOW
162.69,15.8,51.7,7.13,37.86,LOW
220.21,5.79,78.31,8.32,21.31,MODERATE
56.41,20.38,28.41,7.47,13.06,LOW
46.66,15.07,27.08,5.16,31.27,LOW
155.01,14.2,56.89,6.36,26.02,MODERATE
17.37,28.55,20.12,5.41,28.62,LOW
219.69,55.16,72.93,13.83,20.19,HIGH
87.44,23.01,45.02,9.75,17.77,LOW
100.3,16.61,32.32,4.65,22.56,LOW
199.11,49.68,47.36,9.92,25.05,MODERATE
243.38,41.26,74.06,10.31,19.61,MODERATE
25.52,23.51,23.2,5.24,31.78,LOW
90.22,21.43,26.48,4.4,13.58,LOW
242.13,45.64,62.84,13.86,26.46,MODERATE
70.33,34.26,25.02,6.95,24.76,LOW
112.82,6.04,41.0,6.77,31.31,LOW
118.44,31.74,49.04,16.66,18.24,MODERATE
120.45,14.96,49.93,5.79,28.23,MODERATE
130.23,30.75,49.98,8.85,26.86,MODERATE
145.08,30.03,44.58,9.84,25.46,MODERATE
224.09,38.68,82.06,11.72,18.68,MODERATE
107.13,32.62,38.83,7.9,19.36,LOW
296.67,24.44,77.16,9.4,22.22,HIGH
21.83,42.14,10.0,6.7,20.98,LOW
171.68,45.56,49.99,9.31,31.56,MODERATE
143.94,28.33,50.18,7.82,24.81,LOW
54.99,46.47,14.41,5.96,28.77,LOW
158.2,55.04,42.17,8.89,15.29,MODERATE
58.55,25.42,24.14,4.56,12.95,LOW
78.92,54.75,26.16,7.89,22.93,LOW
20.52,31.08,12.65,5.03,16.33,LOW
237.24,30.21,76.19,9.15,24.24,MODERATE
98.77,36.21,23.52,5.76,18.94,LOW
85.09,32.21,35.12,8.31,25.84,MODERATE
149.44,35.94,52.03,9.91,19.3,MODERATE
239.81,41.59,63.89,11.61,27.37,HIGH
133.92,26.3,42.65,9.86,18.71,MODERATE
288.25,25.86,78.09,9.02,12.81,HIGH
165.13,30.93,56.4,7.87,29.12,MODERATE
300.0,39.11,93.25,11.98,19.39,HIGH
206.12,33.98,50.07,11.1,32.24,MODERATE
171.9,38.06,45.49,9.69,20.15,MODERATE
41.21,36.55,17.14,5.61,19.06,LOW
87.84,9.01,34.22,3.78,22.3,LOW
213.68,45.6,58.81,10.7,20.64,MODERATE
218.29,46.49,68.35,10.56,24.76,MODERATE
260.42,42.47,67.04,10.75,26.42,MODERATE
165.38,39.78,44.28,11.79,27.33,MODERATE
124.72,43.27,36.33,8.51,23.49,MODERATE
256.75,37.03,72.41,13.36,15.0,HIGH
172.76,37.71,60.72,9.38,34.34,MODERATE
84.67,13.51,33.27,5.52,21.78,LOW
216.6,38.0,58.19,11.82,21.47,MODERATE
139.32,27.85,37.4,7.11,23.47,LOW
75.23,28.85,43.24,7.78,22.43,MODERATE
134.93,7.92,30.6,5.13,13.51,LOW
201.9,44.42,57.93,12.28,27.45,MODERATE
211.43,53.7,67.43,10.9,19.08,MODERATE
125.02,44.92,40.91,8.38,22.06,MODERATE
110.13,29.88,34.7,6.52,34.56,LOW
97.83,42.29,40.81,11.1,29.67,LOW
53.4,32.4,18.0,9.37,33.67,LOW
115.21,32.92,26.42,5.6,19.94,LOW
142.56,25.87,49.19,6.71,28.38,MODERATE
278.72,60.52,68.36,15.62,26.42,HIGH
73.63,34.54,32.25,6.56,23.67,LOW
206.39,35.98,59.42,8.77,19.5,MODERATE
181.09,36.34,56.93,8.24,30.51,MODERATE
140.44,38.69,44.08,7.88,20.92,MODERATE
223.96,65.0,68.68,13.77,24.82,HIGH
70.97,23.07,24.99,5.14,29.48,LOW
294.91,43.19,86.13,12.3,18.14,HIGH
189.25,36.4,46.89,11.13,17.47,MODERATE
118.42,46.55,50.43,8.87,38.0,MODERATE
192.21,52.79,73.7,11.29,18.84,HIGH
127.36,35.98,43.88,9.97,33.7,MODERATE
84.64,25.41,46.17,8.47,23.68,LOW
12.49,29.73,32.38,6.02,21.44,LOW
224.3,16.94,61.78,7.22,22.04,MODERATE
120.94,30.08,41.99,6.92,23.63,MODERATE
80.09,43.3,26.11,7.98,32.03,LOW
96.68,28.19,30.27,5.34,28.54,MODERATE
